-- phpMyAdmin SQL Dump
-- version 4.8.5
-- https://www.phpmyadmin.net/
--
-- 主机： localhost
-- 生成日期： 2019-05-23 18:48:06
-- 服务器版本： 8.0.15
-- PHP 版本： 7.2.7

SET SQL_MODE = "NO_AUTO_VALUE_ON_ZERO";
SET AUTOCOMMIT = 0;
START TRANSACTION;
SET time_zone = "+00:00";


/*!40101 SET @OLD_CHARACTER_SET_CLIENT=@@CHARACTER_SET_CLIENT */;
/*!40101 SET @OLD_CHARACTER_SET_RESULTS=@@CHARACTER_SET_RESULTS */;
/*!40101 SET @OLD_COLLATION_CONNECTION=@@COLLATION_CONNECTION */;
/*!40101 SET NAMES utf8mb4 */;

--
-- 数据库： `quick_bi`
--

-- --------------------------------------------------------

--
-- 表的结构 `class_info`
--

CREATE TABLE `class_info` (
  `class_ID` int(11) NOT NULL COMMENT '班级ID',
  `grade` enum('高一','高二','高三','') NOT NULL COMMENT '年级',
  `class_name` varchar(15) CHARACTER SET utf8 COLLATE utf8_general_ci NOT NULL COMMENT '班级名称'
) ENGINE=InnoDB DEFAULT CHARSET=utf8 COMMENT='班级表';

--
-- 转存表中的数据 `class_info`
--

INSERT INTO `class_info` (`class_ID`, `grade`, `class_name`) VALUES
(901, '高二', '白-高二(01)'),
(902, '高二', '白-高二(02)'),
(903, '高二', '白-高二(03)'),
(904, '高二', '白-高二(04)'),
(905, '高二', '白-高二(05)'),
(906, '高二', '白-高二(06)'),
(907, '高二', '白-高二(07)'),
(908, '高二', '白-高二(08)'),
(909, '高二', '白-高二(09)'),
(910, '高二', '白-高二(10)'),
(911, '高二', '白-高二(11)'),
(912, '高二', '白-高二(12)'),
(913, '高二', '高二(13)IB'),
(914, '高三', '高三(11)IB'),
(915, '高三', '高三(12)IB'),
(916, '高三', '高三(02)'),
(917, '高三', '高三(03)'),
(918, '高三', '高三(04)'),
(919, '高三', '高三(07)'),
(920, '高三', '高三(08)'),
(921, '高三', '高三(01)'),
(922, '高三', '高三(05)'),
(923, '高三', '高三(09)'),
(924, '高三', '高三(06)'),
(925, '高三', '高三(10)'),
(926, '高一', '东-高一(01)'),
(927, '高一', '东-高一(02)'),
(928, '高一', '东-高一(03)'),
(929, '高一', '东-高一(04)'),
(930, '高一', '东-高一(05)'),
(931, '高一', '东-高一(06)'),
(932, '高一', '东-高一(07)'),
(933, '高一', '东-高一(08)'),
(934, '高一', '白-高一(01)'),
(935, '高一', '白-高一(02)'),
(936, '高一', '白-高一(03)'),
(937, '高一', '白-高一(04)'),
(938, '高一', '白-高一(05)'),
(939, '高一', '白-高一(06)'),
(940, '高一', '白-高一(07)'),
(941, '高一', '白-高一(08)'),
(942, '高一', '东-高一(09)-IB'),
(943, '高一', '东-高一(10)-IB');

-- --------------------------------------------------------

--
-- 表的结构 `family_type_info`
--

CREATE TABLE `family_type_info` (
  `type_ID` int(11) NOT NULL COMMENT '家庭类型ID',
  `type_name` varchar(10) NOT NULL COMMENT '家庭类型描述'
) ENGINE=InnoDB DEFAULT CHARSET=utf8 COMMENT='家庭类型表' ROW_FORMAT=COMPACT;

--
-- 转存表中的数据 `family_type_info`
--

INSERT INTO `family_type_info` (`type_ID`, `type_name`) VALUES
(1, '城镇');

-- --------------------------------------------------------

--
-- 表的结构 `nation_info`
--

CREATE TABLE `nation_info` (
  `nation_ID` int(11) NOT NULL COMMENT '民族ID',
  `nation_name` varchar(10) NOT NULL COMMENT '民族名称'
) ENGINE=InnoDB DEFAULT CHARSET=utf8 COMMENT='民族表';

--
-- 转存表中的数据 `nation_info`
--

INSERT INTO `nation_info` (`nation_ID`, `nation_name`) VALUES
(1, '汉族'),
(2, '土家族'),
(3, '满族'),
(4, '苗族'),
(5, '朝鲜族'),
(6, '畲族'),
(7, '回族');

-- --------------------------------------------------------

--
-- 表的结构 `political_outlook_info`
--

CREATE TABLE `political_outlook_info` (
  `outlook_ID` int(11) NOT NULL COMMENT '政治面貌ID',
  `outlook_name` varchar(10) NOT NULL COMMENT '政治面貌描述'
) ENGINE=InnoDB DEFAULT CHARSET=utf8 COMMENT='政治面貌表';

--
-- 转存表中的数据 `political_outlook_info`
--

INSERT INTO `political_outlook_info` (`outlook_ID`, `outlook_name`) VALUES
(1, '共青团员'),
(2, '一般'),
(3, '少先队员'),
(4, '共产党党员'),
(5, '民主党派');

-- --------------------------------------------------------

--
-- 表的结构 `student_info`
--

CREATE TABLE `student_info` (
  `student_ID` int(11) NOT NULL COMMENT '学生ID',
  `home_address` varchar(20) NOT NULL COMMENT '籍贯',
  `student_name` varchar(10) CHARACTER SET utf8 COLLATE utf8_general_ci NOT NULL COMMENT '姓名',
  `student_sex` tinyint(1) NOT NULL DEFAULT '0' COMMENT '性别 0-男，1-女',
  `birth_year` char(4) CHARACTER SET utf8 COLLATE utf8_general_ci NOT NULL COMMENT '出生年份',
  `nation_ID` int(11) NOT NULL COMMENT '民族ID',
  `type_ID` int(11) NOT NULL COMMENT '家庭类型ID',
  `outlook_ID` int(11) NOT NULL COMMENT '政治面貌ID',
  `class_ID` int(11) NOT NULL COMMENT '班级ID',
  `dorm_number` int(11) NOT NULL COMMENT '寝室号',
  `discouraged_sign` tinyint(1) NOT NULL COMMENT '劝退标记'
) ENGINE=InnoDB DEFAULT CHARSET=utf8 COMMENT='学生表' ROW_FORMAT=COMPACT;

--
-- 转存表中的数据 `student_info`
--

INSERT INTO `student_info` (`student_ID`, `home_address`, `student_name`, `student_sex`, `birth_year`, `nation_ID`, `type_ID`, `outlook_ID`, `class_ID`, `dorm_number`, `discouraged_sign`) VALUES
(13564, '浙江省绍兴市', '吴某某', 0, '2000', 1, 1, 1, 925, 205, 0),
(13685, '浙江省宁波市', '毛某某', 0, '2000', 1, 1, 1, 924, -1, 0),
(13947, '浙江省台州市', '李某某', 1, '2001', 1, 1, 1, 921, 402, 0),
(13949, '浙江省宁波市', '韩某某', 0, '2001', 1, 1, 1, 916, 306, 0),
(13950, '浙江省宁海市', '潘某某', 0, '2001', 1, 1, 1, 921, 303, 0),
(13951, '浙江省宁波市', '戴某某', 1, '2000', 7, 1, 1, 921, -1, 0),
(13952, '河南省信阳市', '王某某', 0, '2001', 1, 1, 1, 921, 203, 0),
(13953, '浙江省宁波市', '沈某某', 1, '2001', 1, 1, 1, 918, -1, 0),
(13954, '浙江省杭州市', '黄某某', 0, '2001', 1, 1, 1, 921, -1, 0),
(13955, '浙江省宁波市', '俞某某', 1, '2000', 1, 1, 1, 916, -1, 0),
(13956, '浙江省宁波市', '陆某某', 0, '2000', 1, 1, 1, 916, -1, 0),
(13957, '浙江省宁波市', '黄某某', 0, '2001', 1, 1, 1, 916, -1, 0),
(13958, '陕西省渭南市', '李某某', 1, '2001', 1, 1, 1, 921, -1, 0),
(13959, '浙江省宁波市', '傅某某', 1, '2001', 1, 1, 1, 916, -1, 0),
(13960, '浙江省宁波市', '谢某某', 1, '2000', 1, 1, 1, 924, -1, 0),
(13961, '浙江省宁波市', '王某某', 1, '2000', 1, 1, 1, 923, -1, 0),
(13962, '浙江省松阳市', '叶某某', 1, '2000', 1, 1, 1, 921, -1, 0),
(13963, '山东省青岛市', '李某某', 1, '2001', 1, 1, 1, 916, 407, 0),
(13964, '浙江省宁波市', '杨某某', 1, '2000', 1, 1, 1, 921, -1, 0),
(13965, '浙江省温岭市', '卢某某', 0, '2000', 1, 1, 3, 916, 303, 0),
(13966, '浙江省奉化市', '刘某某', 1, '2001', 1, 1, 1, 916, -1, 0),
(13968, '浙江省奉化市', '江某某', 0, '2000', 1, 1, 1, 917, -1, 0),
(13969, '浙江省宁波市', '周某某', 0, '2001', 1, 1, 3, 921, -1, 0),
(13970, '江苏省吴江市', '赵某某', 0, '2001', 1, 1, 1, 918, -1, 0),
(13971, '浙江省象山市', '周某某', 1, '2000', 1, 1, 1, 919, -1, 0),
(13973, '浙江省象山市', '张某某', 1, '2001', 1, 1, 1, 925, -1, 0),
(13974, '浙江省奉化市', '梁某某', 1, '2000', 1, 1, 1, 921, -1, 0),
(13975, '浙江省宁波市', '应某某', 1, '2001', 1, 1, 1, 916, -1, 0),
(13976, '浙江省慈溪市', '杨某某', 1, '2001', 1, 1, 1, 921, -1, 0),
(13977, '浙江省宁波市', '柳某某', 0, '2001', 1, 1, 1, 916, -1, 0),
(13979, '浙江省宁波市', '施某某', 1, '2000', 1, 1, 1, 923, -1, 0),
(13980, '浙江省临海市', '刘某某', 0, '2000', 1, 1, 1, 916, -1, 0),
(13981, '浙江省宁波市', '张某某', 0, '2000', 1, 1, 1, 921, -1, 0),
(13982, '江苏省东台市', '袁某某', 0, '2001', 1, 1, 1, 921, 203, 0),
(13983, '浙江省奉化市', '裘某某', 0, '2000', 1, 1, 1, 916, -1, 0),
(13984, '安徽省阜阳市', '李某某', 1, '2000', 1, 1, 1, 925, -1, 0),
(13985, '北京市', '潘某某', 0, '2001', 1, 1, 1, 921, -1, 0),
(13986, '浙江省杭州市', '黎某某', 0, '2001', 1, 1, 1, 918, -1, 0),
(13987, '浙江省宁波市', '王某某', 0, '2001', 1, 1, 1, 921, 305, 0),
(13988, '浙江省宁波市', '陈某某', 1, '2001', 1, 1, 1, 918, -1, 0),
(13989, '浙江省江山市', '宁某某', 1, '2000', 1, 1, 1, 923, -1, 0),
(13990, '浙江省慈溪市', '严某某', 1, '2001', 1, 1, 1, 925, 406, 0),
(13991, '浙江省宁波市', '张某某', 1, '2000', 1, 1, 1, 915, -1, 0),
(13992, '浙江省萧山市', '施某某', 1, '2000', 1, 1, 1, 924, 504, 0),
(13993, '浙江省慈溪市', '徐某某', 1, '2000', 1, 1, 1, 918, 503, 0),
(13994, '浙江省宁波市', '徐某某', 1, '2000', 1, 1, 1, 923, -1, 0),
(13995, '浙江省宁波市', '李某某', 0, '2001', 1, 1, 1, 921, -1, 0),
(13996, '浙江省宁波市', '李某某', 0, '2001', 1, 1, 1, 921, -1, 0),
(13998, '浙江省宁波市', '邱某某', 0, '2001', 1, 1, 1, 922, -1, 0),
(13999, '浙江省临海市', '陈某某', 0, '2001', 1, 1, 1, 921, 306, 0),
(14000, '浙江省绍兴市', '陈某某', 0, '2000', 1, 1, 1, 925, -1, 0),
(14001, '浙江省慈溪市', '陈某某', 0, '2001', 1, 1, 1, 916, 202, 0),
(14002, '浙江省宁波市', '柴某某', 0, '2000', 1, 1, 1, 916, -1, 0),
(14003, '浙江省宁海市', '张某某', 1, '2000', 1, 1, 1, 921, 408, 0),
(14004, '浙江省永康市', '李某某', 1, '2000', 1, 1, 1, 925, -1, 0),
(14005, '浙江省台州市', '庞某某', 1, '2001', 1, 1, 1, 921, -1, 0),
(14006, '浙江省宁波市', '袁某某', 1, '2001', 1, 1, 1, 915, -1, 0),
(14008, '四川省广安市', '谭某某', 1, '2000', 1, 1, 1, 923, 502, 0),
(14009, '浙江省宁波市', '王某某', 0, '2001', 1, 1, 1, 920, -1, 0),
(14010, '河南省信阳市', '孙某某', 0, '2001', 1, 1, 1, 922, 203, 0),
(14011, '浙江省宁波市', '任某某', 1, '2000', 1, 1, 1, 919, 505, 0),
(14012, '浙江省宁波市', '邬某某', 1, '2001', 1, 1, 1, 916, -1, 0),
(14013, '浙江省宁海市', '严某某', 1, '2000', 1, 1, 1, 919, -1, 0),
(14014, '浙江省宁波市', '王某某', 0, '2000', 1, 1, 1, 919, -1, 0),
(14015, '浙江省宁波市', '刘某某', 0, '2001', 1, 1, 1, 923, -1, 0),
(14017, '福建省晋江市', '洪某某', 0, '2000', 1, 1, 1, 924, -1, 0),
(14018, '浙江省宁波市', '虞某某', 0, '2000', 1, 1, 1, 920, 301, 0),
(14019, '浙江省宁波市', '包某某', 1, '2000', 1, 1, 2, 925, -1, 0),
(14020, '浙江省宁波市', '徐某某', 1, '2001', 1, 1, 2, 916, -1, 0),
(14021, '浙江省宁波市', '侯某某', 1, '2001', 1, 1, 1, 921, -1, 0),
(14022, '浙江省宁波市', '谢某某', 1, '2001', 1, 1, 1, 916, -1, 0),
(14023, '浙江省宁波市', '方某某', 0, '2000', 1, 1, 1, 922, -1, 0),
(14024, '浙江省奉化市', '张某某', 0, '2001', 1, 1, 1, 921, -1, 0),
(14025, '浙江省宁波市', '陆某某', 0, '2001', 1, 1, 1, 921, -1, 0),
(14026, '浙江省宁波市', '嵇某某', 0, '2001', 1, 1, 1, 916, 306, 0),
(14027, '浙江省舟山市', '李某某', 1, '2000', 1, 1, 1, 920, -1, 0),
(14028, '浙江省宁波市', '王某某', 1, '2000', 1, 1, 1, 924, -1, 0),
(14029, '浙江省武义市', '朱某某', 1, '2001', 1, 1, 1, 925, -1, 0),
(14030, '浙江省诸暨市', '杨某某', 1, '2001', 1, 1, 1, 921, 402, 0),
(14031, '浙江省宁波市', '杨某某', 1, '2000', 1, 1, 1, 921, -1, 0),
(14032, '浙江省宁波市', '周某某', 1, '2001', 1, 1, 1, 920, -1, 0),
(14033, '浙江省宁波市', '龚某某', 1, '2001', 1, 1, 1, 916, -1, 0),
(14034, '浙江省宁波市', '王某某', 0, '2001', 1, 1, 1, 922, -1, 0),
(14035, '浙江省宁波市', '孙某某', 0, '2001', 1, 1, 1, 916, -1, 0),
(14036, '江苏省高邮市', '宋某某', 0, '2001', 1, 1, 1, 916, -1, 0),
(14037, '浙江省宁波市', '姚某某', 0, '2001', 1, 1, 1, 907, 319, 0),
(14038, '浙江省宁波市', '傅某某', 0, '2001', 1, 1, 1, 924, -1, 0),
(14039, '浙江省宁波市', '毛某某', 0, '2000', 1, 1, 1, 921, -1, 0),
(14040, '陕西省宝鸡市', '刘某某', 0, '2001', 1, 1, 1, 916, -1, 0),
(14041, '甘肃省会宁市', '张某某', 0, '2001', 1, 1, 1, 921, -1, 0),
(14042, '浙江省台州市', '江某某', 1, '2000', 1, 1, 1, 924, -1, 0),
(14043, '浙江省宁波市', '许某某', 1, '2001', 1, 1, 1, 919, -1, 0),
(14045, '浙江省奉化市', '张某某', 1, '2001', 1, 1, 1, 918, 403, 0),
(14046, '浙江省宁波市', '沈某某', 1, '2001', 1, 1, 1, 920, -1, 1),
(14047, '浙江省余姚市', '陈某某', 1, '2001', 1, 1, 1, 925, 406, 0),
(14048, '浙江省宁波市', '严某某', 0, '2000', 1, 1, 1, 921, -1, 0),
(14049, '浙江省奉化市', '戴某某', 0, '2001', 1, 1, 1, 922, 304, 0),
(14050, '浙江省宁波市', '吕某某', 1, '2000', 1, 1, 1, 908, 605, 0),
(14051, '浙江省奉化市', '孙某某', 1, '2001', 1, 1, 1, 919, -1, 0),
(14052, '浙江省宁波市', '何某某', 1, '2001', 1, 1, 2, 916, -1, 0),
(14053, '浙江省宁波市', '姜某某', 1, '2000', 1, 1, 1, 917, -1, 0),
(14054, '浙江省宁波市', '唐某某', 1, '2001', 1, 1, 1, 917, -1, 0),
(14055, '浙江省余姚市', '符某某', 1, '2001', 1, 1, 1, 924, 404, 0),
(14056, '浙江省宁波市', '杨某某', 0, '2000', 1, 1, 2, 924, -1, 0),
(14057, '浙江省宁波市', '戴某某', 0, '2000', 1, 1, 2, 916, -1, 0),
(14058, '浙江省宁波市', '徐某某', 1, '2001', 1, 1, 1, 916, -1, 0),
(14059, '浙江省宁波市', '冯某某', 0, '2000', 1, 1, 1, 916, -1, 0),
(14060, '浙江省宁波市', '张某某', 0, '2001', 1, 1, 1, 920, -1, 0),
(14061, '浙江省象山市', '王某某', 1, '2000', 1, 1, 1, 919, -1, 0),
(14062, '浙江省宁波市', '赵某某', 1, '2001', 1, 1, 1, 922, -1, 0),
(14063, '江西省丰城市', '黄某某', 1, '2001', 1, 1, 1, 923, -1, 0),
(14064, '黑龙江省伊春市', '温某某', 1, '2000', 1, 1, 1, 918, -1, 0),
(14065, '浙江省宁波市', '严某某', 0, '2001', 1, 1, 1, 922, -1, 0),
(14066, '浙江省宁波市', '竺某某', 1, '2000', 1, 1, 1, 917, -1, 0),
(14067, '浙江省宁波市', '程某某', 0, '2001', 1, 1, 1, 919, -1, 0),
(14068, '浙江省杭州市', '黄某某', 1, '2000', 1, 1, 1, 917, -1, 0),
(14069, '浙江省宁波市', '蒋某某', 1, '2001', 1, 1, 1, 918, -1, 0),
(14070, '浙江省宁波市', '周某某', 1, '2000', 1, 1, 1, 924, -1, 0),
(14071, '浙江省衢州市', '陈某某', 1, '2000', 1, 1, 1, 920, -1, 0),
(14072, '浙江省奉化市', '赵某某', 1, '2000', 1, 1, 1, 920, -1, 0),
(14073, '浙江省岱山市', '刘某某', 0, '2001', 1, 1, 1, 916, -1, 0),
(14075, '浙江省宁波市', '张某某', 0, '2000', 1, 1, 1, 918, -1, 0),
(14076, '浙江省东阳市', '方某某', 1, '2000', 1, 1, 1, 923, -1, 0),
(14077, '浙江省宁波市', '胡某某', 1, '2001', 1, 1, 1, 923, -1, 0),
(14078, '浙江省鄞县市', '孙某某', 1, '2000', 1, 1, 1, 924, -1, 0),
(14079, '山东省济宁市', '殷某某', 0, '2001', 1, 1, 1, 919, -1, 0),
(14080, '浙江省宁波市', '陈某某', 1, '2000', 1, 1, 1, 924, -1, 0),
(14081, '浙江省宁波市', '陆某某', 1, '2001', 1, 1, 1, 923, -1, 0),
(14082, '浙江省宁波市', '胡某某', 1, '2001', 1, 1, 1, 917, -1, 0),
(14083, '浙江省宁波市', '乐某某', 0, '2001', 1, 1, 1, 921, -1, 0),
(14084, '浙江省慈溪市', '张某某', 0, '2000', 1, 1, 1, 918, -1, 0),
(14085, '浙江省宁波市', '杨某某', 0, '2001', 1, 1, 1, 921, -1, 0),
(14086, '浙江省鄞州市', '林某某', 0, '2000', 1, 1, 1, 923, -1, 0),
(14088, '安徽省天长市', '梁某某', 1, '2001', 1, 1, 1, 924, -1, 0),
(14089, '浙江省宁波市', '孙某某', 1, '2001', 1, 1, 1, 921, -1, 0),
(14090, '浙江省宁波市', '施某某', 1, '2000', 1, 1, 1, 919, -1, 0),
(14091, '浙江省宁波市', '冯某某', 0, '2000', 1, 1, 1, 918, -1, 0),
(14092, '浙江省宁波市', '包某某', 0, '2001', 1, 1, 1, 916, -1, 0),
(14093, '浙江省宁波市', '赵某某', 1, '2001', 1, 1, 1, 922, -1, 0),
(14094, '浙江省宁波市', '蒋某某', 0, '2001', 1, 1, 1, 924, -1, 0),
(14095, '湖北省汉川市', '鲁某某', 0, '2000', 1, 1, 1, 917, -1, 0),
(14096, '浙江省宁波市', '舒某某', 1, '2001', 1, 1, 1, 922, -1, 0),
(14097, '浙江省宁波市', '毛某某', 0, '2001', 1, 1, 1, 917, 202, 0),
(14098, '浙江省宁波市', '朱某某', 1, '2001', 1, 1, 1, 916, -1, 0),
(14099, '浙江省宁波市', '李某某', 0, '2000', 1, 1, 1, 918, 305, 0),
(14100, '浙江省宁波市', '邵某某', 0, '2000', 1, 1, 1, 916, -1, 0),
(14101, '浙江省义乌市', '万某某', 1, '2000', 1, 1, 1, 922, -1, 0),
(14102, '浙江省宁波市', '陈某某', 1, '2001', 1, 1, 1, 923, -1, 0),
(14103, '浙江省宁波市', '张某某', 0, '2001', 1, 1, 1, 918, -1, 0),
(14104, '浙江省宁波市', '莫某某', 0, '2001', 1, 1, 1, 924, -1, 0),
(14105, '浙江省永康市', '陈某某', 1, '2001', 1, 1, 1, 922, -1, 0),
(14106, '江苏省仪征市', '袁某某', 0, '2001', 1, 1, 1, 917, -1, 0),
(14107, '浙江省宁波市', '叶某某', 0, '2001', 1, 1, 1, 918, -1, 0),
(14108, '浙江省宁波市', '顾某某', 0, '2001', 1, 1, 1, 922, -1, 0),
(14109, '浙江省宁波市', '罗某某', 0, '2001', 1, 1, 1, 920, -1, 0),
(14110, '浙江省临海市', '杨某某', 0, '2000', 1, 1, 1, 916, -1, 0),
(14111, '浙江省宁波市', '朱某某', 0, '2000', 1, 1, 1, 921, -1, 0),
(14112, '浙江省宁波市', '何某某', 1, '2001', 1, 1, 1, 917, -1, 0),
(14113, '浙江省宁波市', '罗某某', 1, '2001', 1, 1, 1, 922, -1, 0),
(14114, '江西省赣州市', '舒某某', 0, '2001', 1, 1, 1, 916, -1, 0),
(14115, '安徽省安庆市', '孙某某', 1, '2000', 1, 1, 1, 925, -1, 0),
(14116, '浙江省宁波市', '励某某', 1, '2001', 1, 1, 1, 920, -1, 0),
(14117, '浙江省奉化市', '夏某某', 1, '2001', 1, 1, 1, 923, -1, 0),
(14118, '浙江省宁波市', '章某某', 1, '2001', 1, 1, 1, 923, -1, 0),
(14119, '浙江省宁波市', '赵某某', 1, '2001', 1, 1, 1, 923, -1, 0),
(14120, '浙江省诸暨市', '慎某某', 0, '2001', 1, 1, 1, 920, -1, 0),
(14122, '浙江省舟山市', '陈某某', 1, '2000', 1, 1, 1, 918, 406, 0),
(14123, '浙江省宁波市', '汤某某', 0, '2001', 1, 1, 1, 917, -1, 0),
(14124, '浙江省宁波市', '陈某某', 0, '2000', 1, 1, 1, 920, -1, 0),
(14126, '江西省丰城市', '皮某某', 0, '2001', 1, 1, 1, 918, -1, 0),
(14128, '浙江省宁波市', '陈某某', 1, '2000', 1, 1, 1, 916, -1, 0),
(14129, '浙江省宁波市', '胡某某', 1, '2001', 1, 1, 1, 920, -1, 0),
(14130, '浙江省宁波市', '余某某', 1, '2000', 1, 1, 1, 917, 407, 0),
(14131, '湖北省钟祥市', '张某某', 1, '2001', 1, 1, 1, 922, -1, 0),
(14132, '浙江省宁波市', '岑某某', 0, '2001', 1, 1, 1, 919, -1, 0),
(14133, '浙江省宁波市', '李某某', 0, '2001', 1, 1, 1, 916, -1, 0),
(14134, '浙江省宁波市', '郑某某', 0, '2001', 1, 1, 1, 924, -1, 0),
(14135, '浙江省台州市', '林某某', 1, '2001', 1, 1, 1, 919, 404, 0),
(14136, '浙江省余姚市', '万某某', 0, '2000', 1, 1, 1, 919, -1, 0),
(14137, '浙江省宁波市', '励某某', 1, '2000', 1, 1, 1, 921, -1, 0),
(14138, '浙江省杭州市', '蔡某某', 1, '2001', 1, 1, 1, 924, -1, 0),
(14139, '江西省萍乡市', '敖某某', 0, '2001', 1, 1, 1, 919, 307, 0),
(14140, '安徽省望江市', '王某某', 0, '2001', 1, 1, 1, 924, 301, 0),
(14141, '陕西省西安市', '罗某某', 0, '2001', 1, 1, 1, 924, 304, 0),
(14142, '浙江省金华市', '方某某', 1, '2000', 1, 1, 1, 921, -1, 0),
(14143, '浙江省绍兴市', '章某某', 1, '2001', 1, 1, 1, 925, -1, 0),
(14144, '浙江省宁波市', '谢某某', 1, '2001', 1, 1, 1, 919, -1, 0),
(14145, '浙江省舟山市', '王某某', 0, '2000', 1, 1, 1, 916, -1, 0),
(14146, '浙江省宁波市', '陈某某', 0, '2001', 1, 1, 1, 921, -1, 0),
(14147, '浙江省临海市', '奚某某', 1, '2001', 1, 1, 1, 924, -1, 0),
(14148, '安徽省安庆市', '邓某某', 0, '2000', 1, 1, 1, 921, -1, 0),
(14150, '福建省福鼎市', '纪某某', 1, '2001', 1, 1, 1, 925, -1, 0),
(14151, '浙江省慈溪市', '郑某某', 1, '2000', 1, 1, 1, 920, 502, 0),
(14152, '浙江省台州市', '郭某某', 1, '2001', 1, 1, 1, 921, 408, 0),
(14153, '浙江省宁波市', '胡某某', 0, '2001', 1, 1, 1, 919, -1, 0),
(14154, '浙江省台州市', '褚某某', 1, '2001', 1, 1, 1, 923, -1, 0),
(14155, '安微省合肥市', '张某某', 1, '2001', 1, 1, 1, 925, -1, 0),
(14156, '浙江省奉化市', '林某某', 1, '2000', 1, 1, 1, 917, -1, 0),
(14157, '浙江省宁波市', '陈某某', 0, '2001', 1, 1, 1, 918, -1, 0),
(14158, '浙江省桐庐市', '申某某', 0, '2001', 1, 1, 1, 922, 203, 0),
(14159, '浙江省金华市', '金某某', 0, '2001', 1, 1, 1, 917, -1, 0),
(14160, '浙江省舟山市', '庄某某', 0, '2000', 1, 1, 1, 923, -1, 0),
(14161, '浙江省宁波市', '柳某某', 0, '2001', 1, 1, 1, 924, -1, 0),
(14162, '浙江省宁波市', '余某某', 1, '2001', 1, 1, 1, 924, -1, 0),
(14163, '浙江省余姚市', '孟某某', 1, '2000', 1, 1, 1, 925, -1, 0),
(14164, '浙江省宁波市', '姜某某', 1, '2001', 1, 1, 1, 920, -1, 0),
(14165, '浙江省宁波市', '童某某', 1, '2001', 1, 1, 1, 922, -1, 0),
(14166, '浙江省上虞市', '阮某某', 1, '2001', 1, 1, 1, 923, -1, 0),
(14167, '浙江省象山市', '张某某', 1, '2001', 1, 1, 1, 923, -1, 0),
(14168, '浙江省象山市', '梁某某', 0, '2000', 1, 1, 1, 917, -1, 0),
(14169, '安徽省安庆市', '查某某', 1, '2001', 1, 1, 1, 924, 404, 0),
(14170, '浙江省宁波市', '柴某某', 0, '2000', 1, 1, 1, 920, 301, 0),
(14171, '浙江省余姚市', '朱某某', 1, '2001', 1, 1, 1, 920, -1, 0),
(14172, '浙江省宁波市', '汪某某', 1, '2000', 1, 1, 1, 923, -1, 0),
(14173, '浙江省台州市', '朱某某', 0, '2000', 1, 1, 1, 924, 301, 0),
(14174, '浙江省象山市', '程某某', 0, '2001', 1, 1, 1, 917, -1, 0),
(14175, '浙江省宁波市', '柳某某', 1, '2000', 1, 1, 1, 920, -1, 0),
(14176, '湖北省宜昌市', '温某某', 1, '2000', 1, 1, 1, 923, -1, 0),
(14177, '浙江省宁波市', '王某某', 0, '2001', 1, 1, 1, 919, 304, 0),
(14178, '浙江省宁波市', '戴某某', 0, '2001', 1, 1, 1, 919, -1, 0),
(14179, '安徽省黄山市', '汪某某', 1, '2001', 1, 1, 1, 917, -1, 0),
(14180, '浙江省金华市', '沈某某', 1, '2000', 1, 1, 1, 924, -1, 0),
(14181, '浙江省绍兴市', '金某某', 0, '2001', 1, 1, 1, 916, -1, 0),
(14182, '浙江省宁波市', '宣某某', 0, '2001', 1, 1, 1, 924, -1, 0),
(14183, '安徽省阜阳市', '王某某', 0, '2001', 1, 1, 1, 917, -1, 0),
(14184, '湖北省云梦市', '胡某某', 1, '2001', 1, 1, 1, 919, -1, 0),
(14188, '浙江省宁波市', '余某某', 0, '2002', 1, 1, 1, 921, 302, 0),
(14189, '浙江省慈溪市', '杜某某', 1, '2000', 1, 1, 1, 925, -1, 1),
(14191, '浙江省宁波市', '张某某', 0, '2001', 1, 1, 1, 918, -1, 0),
(14192, '浙江省宁波市', '朱某某', 0, '2000', 1, 1, 1, 922, -1, 0),
(14193, '浙江省宁波市', '金某某', 0, '2001', 1, 1, 1, 920, -1, 0),
(14194, '浙江省海宁市', '朱某某', 0, '2000', 1, 1, 1, 924, -1, 0),
(14195, '浙江省宁波市', '师某某', 0, '2000', 1, 1, 1, 920, 307, 0),
(14196, '浙江省温州市', '王某某', 0, '2001', 1, 1, 1, 920, -1, 0),
(14197, '浙江省舟山市', '俞某某', 0, '2000', 1, 1, 1, 925, -1, 0),
(14199, '湖北省鄂州市', '陈某某', 1, '2001', 1, 1, 1, 924, -1, 0),
(14200, '浙江省余姚市', '王某某', 0, '2001', 1, 1, 1, 919, 205, 0),
(14201, '浙江省台州市', '林某某', 0, '2000', 1, 1, 1, 922, -1, 0),
(14202, '浙江省宁波市', '陈某某', 1, '2001', 1, 1, 1, 917, -1, 0),
(14203, '浙江省宁波市', '胡某某', 1, '2001', 1, 1, 1, 920, -1, 0),
(14204, '浙江省宁波市', '诸某某', 1, '2001', 1, 1, 1, 920, -1, 0),
(14206, '浙江省宁波市', '杨某某', 1, '2000', 1, 1, 1, 919, -1, 0),
(14207, '浙江省宁波市', '缪某某', 0, '2001', 1, 1, 1, 917, 204, 0),
(14208, '浙江省余姚市', '方某某', 0, '2001', 1, 1, 1, 918, 305, 0),
(14209, '浙江省淳安市', '刘某某', 1, '2001', 1, 1, 1, 917, -1, 0),
(14211, '浙江省宁波市', '张某某', 0, '2000', 1, 1, 1, 919, 307, 0),
(14212, '浙江省宁波市', '刘某某', 0, '2001', 1, 1, 1, 921, 305, 0),
(14213, '重庆市', '李某某', 0, '2001', 1, 1, 1, 922, -1, 0),
(14214, '浙江省宁波市', '陈某某', 1, '2000', 1, 1, 1, 920, -1, 0),
(14215, '浙江省宁波市', '胡某某', 1, '2000', 1, 1, 1, 925, -1, 0),
(14216, '浙江省慈县市', '胡某某', 0, '2000', 1, 1, 1, 920, -1, 0),
(14217, '浙江省慈溪市', '潘某某', 0, '2001', 1, 1, 1, 922, 207, 0),
(14218, '湖北省钟祥市', '彭某某', 0, '2000', 1, 1, 1, 921, -1, 0),
(14219, '浙江省宁波市', '符某某', 0, '2000', 1, 1, 1, 920, 202, 0),
(14220, '浙江省宁波市', '唐某某', 1, '2000', 1, 1, 1, 924, 404, 0),
(14221, '浙江省象山市', '吴某某', 0, '2000', 1, 1, 1, 921, -1, 0),
(14222, '浙江省瑞安市', '杨某某', 0, '2001', 1, 1, 1, 919, -1, 0),
(14223, '浙江省宁波市', '邵某某', 1, '2000', 1, 1, 1, 918, -1, 0),
(14224, '浙江省宁波市', '虞某某', 1, '2001', 1, 1, 1, 925, -1, 0),
(14225, '浙江省奉化市', '沈某某', 1, '2000', 1, 1, 1, 925, -1, 0),
(14226, '浙江省宁波市', '叶某某', 0, '2001', 1, 1, 1, 922, -1, 0),
(14227, '浙江省宁波市', '周某某', 0, '2000', 1, 1, 1, 925, -1, 0),
(14228, '浙江省宁波市', '林某某', 1, '2001', 1, 1, 1, 923, -1, 0),
(14229, '浙江省象山市', '周某某', 1, '2001', 1, 1, 1, 925, -1, 0),
(14230, '上海市', '高某某', 0, '2000', 1, 1, 1, 924, -1, 0),
(14231, '浙江省宁波市', '陆某某', 1, '2000', 1, 1, 1, 923, -1, 0),
(14232, '浙江省宁波市', '周某某', 1, '2001', 1, 1, 1, 918, -1, 0),
(14233, '浙江省宁波市', '吴某某', 1, '2000', 1, 1, 1, 923, -1, 0),
(14234, '浙江省宁波市', '王某某', 0, '2000', 1, 1, 1, 918, 205, 0),
(14235, '浙江省宁海市', '叶某某', 0, '2000', 1, 1, 1, 922, -1, 0),
(14236, '浙江省宁波市', '范某某', 0, '2001', 1, 1, 1, 918, -1, 0),
(14237, '浙江省宁波市', '顾某某', 0, '2001', 1, 1, 1, 921, -1, 0),
(14238, '浙江省宁波市', '黄某某', 0, '2001', 1, 1, 1, 922, -1, 0),
(14239, '湖南省邵阳市', '马某某', 1, '2000', 7, 1, 1, 925, -1, 1),
(14240, '浙江省鄞州市', '张某某', 1, '2001', 1, 1, 1, 918, 503, 0),
(14241, '浙江省宁波市', '陈某某', 1, '2001', 1, 1, 1, 920, -1, 0),
(14243, '浙江省宁波市', '林某某', 1, '2001', 1, 1, 1, 923, 402, 0),
(14244, '浙江省宁波市', '徐某某', 1, '2001', 1, 1, 1, 914, -1, 1),
(14245, '浙江省宁波市', '邵某某', 0, '2001', 1, 1, 1, 919, -1, 0),
(14246, '浙江省宁波市', '陈某某', 1, '2000', 1, 1, 1, 917, -1, 0),
(14247, '浙江省宁波市', '戴某某', 1, '2001', 1, 1, 1, 917, -1, 0),
(14248, '浙江省宁波市', '周某某', 1, '2001', 1, 1, 1, 924, -1, 0),
(14250, '浙江省台州市', '徐某某', 1, '2001', 1, 1, 1, 925, -1, 0),
(14251, '湖南省洞口市', '曾某某', 1, '2000', 1, 1, 1, 919, -1, 0),
(14252, '浙江省余姚市', '卢某某', 0, '2000', 1, 1, 1, 917, 303, 0),
(14253, '浙江省温州市', '林某某', 0, '2001', 1, 1, 1, 919, -1, 0),
(14254, '浙江省慈溪市', '陈某某', 1, '2001', 1, 1, 1, 925, 503, 0),
(14255, '浙江省舟山市', '尚某某', 1, '2001', 1, 1, 1, 925, 406, 0),
(14256, '浙江省宁波市', '钱某某', 1, '2001', 1, 1, 1, 925, -1, 0),
(14257, '浙江省杭州市', '潘某某', 1, '2001', 1, 1, 1, 917, -1, 0),
(14258, '浙江省宁波市', '洪某某', 0, '2000', 1, 1, 1, 919, -1, 0),
(14259, '浙江省临海市', '汪某某', 1, '2000', 1, 1, 1, 917, -1, 0),
(14260, '浙江省奉化市', '丁某某', 1, '2001', 1, 1, 1, 917, -1, 0),
(14261, '浙江省奉化市', '任某某', 1, '2001', 1, 1, 2, 925, -1, 0),
(14262, '浙江省宁波市', '孙某某', 1, '2000', 1, 1, 1, 921, 502, 0),
(14263, '湖南省南县市', '郭某某', 1, '2000', 1, 1, 1, 923, -1, 0),
(14264, '浙江省宁波市', '陈某某', 1, '2001', 1, 1, 1, 923, -1, 0),
(14266, '浙江省宁波市', '陆某某', 1, '2001', 1, 1, 1, 918, -1, 0),
(14267, '浙江省余姚市', '戚某某', 0, '2000', 1, 1, 2, 917, -1, 0),
(14268, '安徽省石台市', '沈某某', 1, '2001', 1, 1, 1, 924, -1, 0),
(14269, '浙江省杭州市', '许某某', 1, '2001', 1, 1, 1, 920, -1, 0),
(14270, '江西省九江市', '姚某某', 0, '2000', 1, 1, 1, 918, -1, 0),
(14271, '浙江省宁波市', '郑某某', 1, '2000', 1, 1, 1, 925, -1, 0),
(14272, '浙江省宁波市', '江某某', 1, '2000', 1, 1, 1, 924, -1, 0),
(14274, '浙江省嵊州市', '裘某某', 1, '2001', 1, 1, 1, 920, -1, 0),
(14275, '浙江省宁波市', '范某某', 1, '2001', 1, 1, 1, 920, -1, 0),
(14277, '浙江省宁波市', '傅某某', 1, '2001', 1, 1, 1, 920, -1, 0),
(14278, '浙江省宁波市', '张某某', 0, '2001', 1, 1, 1, 918, -1, 0),
(14279, '河北省张家口市', '赵某某', 0, '2001', 1, 1, 1, 918, 304, 0),
(14280, '江西省九江市', '曹某某', 0, '2000', 1, 1, 1, 921, -1, 0),
(14281, '浙江省宁波市', '郭某某', 0, '2001', 1, 1, 1, 919, -1, 0),
(14282, '安徽省歙县市', '毕某某', 1, '2001', 1, 1, 1, 920, -1, 0),
(14283, '辽宁省葫芦岛市', '霍某某', 1, '2001', 1, 1, 1, 922, -1, 0),
(14284, '浙江省宁波市', '孔某某', 0, '2000', 1, 1, 1, 920, -1, 0),
(14285, '浙江省宁波市', '方某某', 0, '2001', 1, 1, 1, 922, -1, 0),
(14286, '浙江省宁波市', '裘某某', 1, '2000', 1, 1, 1, 918, -1, 0),
(14287, '浙江省宁波市', '俞某某', 1, '2001', 1, 1, 1, 917, -1, 0),
(14289, '浙江省宁波市', '叶某某', 1, '2000', 1, 1, 1, 923, -1, 0),
(14290, '浙江省宁波市', '陆某某', 1, '2000', 1, 1, 1, 917, -1, 0),
(14291, '浙江省宁波市', '谢某某', 0, '2000', 1, 1, 1, 919, -1, 0),
(14292, '浙江省宁波市', '毛某某', 1, '2000', 1, 1, 1, 924, -1, 0),
(14293, '浙江省宁波市', '王某某', 0, '2001', 1, 1, 1, 918, -1, 0),
(14294, '浙江省宁波市', '翁某某', 0, '2000', 1, 1, 1, 925, -1, 0),
(14295, '浙江省宁波市', '徐某某', 0, '2001', 1, 1, 1, 917, -1, 0),
(14296, '浙江省宁波市', '许某某', 0, '2001', 1, 1, 1, 918, -1, 0),
(14297, '浙江省宁波市', '张某某', 0, '2000', 1, 1, 1, 919, -1, 0),
(14298, '浙江省宁波市', '孙某某', 1, '2000', 1, 1, 1, 925, -1, 0),
(14299, '浙江省宁波市', '谢某某', 1, '2001', 1, 1, 1, 918, -1, 0),
(14300, '浙江省宁波市', '陈某某', 0, '2000', 1, 1, 1, 922, -1, 0),
(14302, '浙江省温州市', '黄某某', 0, '2001', 1, 1, 1, 916, -1, 0),
(14304, '浙江省宁波市', '刘某某', 0, '2000', 1, 1, 1, 920, 303, 0),
(14305, '浙江省杭州市', '姚某某', 0, '2001', 1, 1, 1, 917, -1, 0),
(14306, '浙江省宁波市', '周某某', 0, '2000', 1, 1, 1, 922, -1, 0),
(14307, '浙江省宁波市', '李某某', 0, '2000', 1, 1, 1, 918, -1, 0),
(14308, '浙江省宁波市', '唐某某', 0, '2000', 1, 1, 1, 920, -1, 0),
(14309, '浙江省宁波市', '王某某', 0, '2000', 1, 1, 1, 922, -1, 0),
(14310, '浙江省宁波市', '周某某', 0, '2001', 1, 1, 1, 918, -1, 0),
(14311, '浙江省宁波市', '王某某', 1, '2000', 1, 1, 1, 920, -1, 0),
(14312, '浙江省台州市', '蔡某某', 0, '2001', 1, 1, 1, 922, -1, 0),
(14313, '浙江省宁海市', '陈某某', 0, '2001', 1, 1, 1, 919, -1, 0),
(14314, '浙江省绍兴市', '贾某某', 0, '2001', 1, 1, 1, 922, -1, 0),
(14315, '浙江省宁波市', '施某某', 0, '2000', 1, 1, 1, 917, -1, 0),
(14316, '浙江省宁波市', '张某某', 1, '2001', 1, 1, 1, 925, -1, 0),
(14317, '重庆市', '杨某某', 1, '2001', 1, 1, 1, 922, -1, 0),
(14318, '浙江省宁波市', '冯某某', 1, '2000', 1, 1, 1, 922, -1, 0),
(14319, '浙江省慈溪市', '胡某某', 1, '2001', 1, 1, 1, 918, -1, 0),
(14320, '浙江省宁波市', '朱某某', 1, '2000', 1, 1, 1, 918, -1, 0),
(14321, '山西省芮城市', '南某某', 1, '2001', 1, 1, 1, 917, 504, 0),
(14322, '浙江省宁波市', '崔某某', 1, '2001', 1, 1, 1, 922, -1, 0),
(14323, '浙江省宁波市', '钱某某', 1, '2000', 1, 1, 1, 922, 407, 0),
(14324, '浙江省台州市', '陈某某', 0, '2000', 1, 1, 1, 919, -1, 0),
(14325, '浙江省宁波市', '袁某某', 0, '2001', 1, 1, 1, 924, -1, 0),
(14326, '浙江省宁波市', '徐某某', 1, '2001', 1, 1, 1, 919, -1, 0),
(14327, '安徽省枞阳市', '王某某', 0, '2001', 1, 1, 1, 917, 302, 0),
(14328, '浙江省奉化市', '陈某某', 0, '2001', 1, 1, 1, 923, -1, 0),
(14329, '贵州省瓮安市', '兰某某', 1, '2002', 4, 1, 1, 925, -1, 0),
(14330, '浙江省宁波市', '沈某某', 1, '2001', 1, 1, 1, 920, -1, 0),
(14331, '浙江省宁波市', '华某某', 1, '2001', 1, 1, 1, 923, -1, 0),
(14332, '浙江省宁波市', '陈某某', 1, '2001', 1, 1, 1, 925, -1, 0),
(14334, '山东省济宁市', '张某某', 1, '2000', 1, 1, 1, 920, -1, 0),
(14335, '江西省上饶市', '王某某', 0, '2000', 1, 1, 1, 924, -1, 0),
(14336, '浙江省宁波市', '孙某某', 1, '2001', 1, 1, 1, 924, -1, 0),
(14337, '江西省樟树市', '邹某某', 0, '2001', 1, 1, 1, 917, 202, 0),
(14338, '浙江省宁波市', '沈某某', 0, '2001', 1, 1, 1, 922, -1, 0),
(14339, '浙江省宁波市', '范某某', 1, '2001', 1, 1, 1, 917, -1, 0),
(14340, '安徽省合肥市', '徐某某', 0, '2001', 1, 1, 1, 921, -1, 0),
(14341, '江苏省邗江市', '张某某', 1, '2001', 1, 1, 1, 925, -1, 0),
(14342, '浙江省舟山市', '郑某某', 0, '2000', 1, 1, 1, 919, 302, 0),
(14343, '浙江省绍兴市', '张某某', 1, '2001', 1, 1, 1, 923, 504, 0),
(14345, '浙江省宁波市', '包某某', 1, '2001', 1, 1, 1, 925, -1, 0),
(14346, '浙江省宁波市', '姚某某', 1, '2001', 1, 1, 1, 923, -1, 0),
(14347, '浙江省宁波市', '李某某', 0, '2001', 1, 1, 1, 919, -1, 0),
(14348, '浙江省宁波市', '金某某', 1, '2001', 1, 1, 1, 919, -1, 0),
(14351, '江苏省邳州市', '石某某', 1, '2001', 1, 1, 1, 924, 403, 0),
(14353, '江苏省如东市', '缪某某', 1, '2000', 1, 1, 1, 920, -1, 0),
(14354, '浙江省慈溪市', '胡某某', 0, '2001', 1, 1, 1, 925, -1, 0),
(14355, '江苏省南京市', '吴某某', 1, '2001', 1, 1, 1, 920, -1, 0),
(14357, '浙江省宁波市', '王某某', 0, '2001', 1, 1, 2, 923, -1, 0),
(14358, '浙江省宁波市', '朱某某', 1, '2000', 1, 1, 1, 925, -1, 0),
(14359, '河南省荥阳市', '王某某', 1, '2001', 1, 1, 1, 923, -1, 0),
(14360, '浙江省台州市', '李某某', 0, '2000', 1, 1, 1, 920, -1, 0),
(14361, '浙江省三门市', '董某某', 1, '2000', 1, 1, 1, 919, -1, 0),
(14362, '浙江省宁波市', '周某某', 1, '2001', 1, 1, 1, 919, 505, 0),
(14363, '浙江省宁波市', '钱某某', 1, '2000', 1, 1, 1, 923, -1, 0),
(14369, '浙江省宁波市', '夏某某', 0, '2001', 1, 1, 1, 924, -1, 1),
(14370, '浙江省绍兴市', '陈某某', 0, '2000', 1, 1, 1, 923, -1, 0),
(14372, '浙江省宁波市', '张某某', 1, '2001', 1, 1, 1, 923, -1, 0),
(14373, '浙江省宁波市', '贝某某', 1, '2001', 1, 1, 1, 919, -1, 0),
(14376, '浙江省宁波市', '夏某某', 0, '2000', 1, 1, 1, 920, -1, 0),
(14377, '浙江省宁波市', '张某某', 0, '2001', 1, 1, 1, 920, -1, 0),
(14379, '台湾省台北市', '何某某', 1, '2001', 1, 1, 1, 925, -1, 1),
(14380, '浙江省宁波市', '康某某', 0, '2001', 1, 1, 1, 914, -1, 0),
(14381, '浙江省宁波市', '任某某', 1, '2001', 1, 1, 1, 914, -1, 0),
(14382, '浙江省宁波市', '周某某', 1, '2000', 1, 1, 1, 914, -1, 0),
(14383, '浙江省杭州市', '徐某某', 1, '2001', 1, 1, 1, 914, -1, 0),
(14384, '浙江省宁波市', '王某某', 1, '2001', 1, 1, 1, 915, -1, 0),
(14385, '浙江省宁波市', '刘某某', 0, '2000', 1, 1, 3, 915, -1, 0),
(14386, '浙江省宁波市', '王某某', 1, '2000', 1, 1, 1, 914, -1, 0),
(14387, '江西省临川市', '王某某', 1, '2001', 1, 1, 1, 915, -1, 0),
(14388, '浙江省宁波市', '吕某某', 1, '2001', 1, 1, 1, 914, -1, 0),
(14389, '浙江省宁波市', '杨某某', 1, '2000', 1, 1, 1, 914, -1, 0),
(14390, '江苏省宜兴市', '马某某', 1, '2001', 1, 1, 1, 914, -1, 0),
(14391, '陕西省渭南市', '党某某', 0, '2001', 1, 1, 1, 914, -1, 0),
(14392, '浙江省宁波市', '李某某', 1, '2001', 1, 1, 1, 915, -1, 0),
(14393, '浙江省宁波市', '乐某某', 0, '2001', 1, 1, 1, 914, -1, 0),
(14394, '浙江省余姚市', '胡某某', 0, '2000', 1, 1, 1, 915, -1, 0),
(14395, '浙江省杭州市', '袁某某', 1, '2001', 1, 1, 1, 915, -1, 0),
(14396, '浙江省宁波市', '胡某某', 0, '2001', 1, 1, 2, 915, -1, 0),
(14397, '浙江省宁波市', '杜某某', 1, '2001', 1, 1, 1, 914, -1, 0),
(14398, '浙江省宁波市', '翁某某', 0, '2000', 1, 1, 1, 914, -1, 0),
(14399, '浙江省宁波市', '陈某某', 1, '2000', 1, 1, 1, 914, -1, 0),
(14400, '浙江省慈溪市', '黄某某', 1, '2001', 1, 1, 1, 915, -1, 0),
(14401, '安徽省六安市', '夏某某', 0, '2001', 1, 1, 1, 915, -1, 0),
(14403, '浙江省宁波市', '顾某某', 0, '2000', 1, 1, 1, 915, 501, 0),
(14404, '浙江省宁波市', '金某某', 1, '2001', 1, 1, 1, 914, -1, 0),
(14405, '浙江省宁波市', '赵某某', 0, '2001', 1, 1, 1, 915, -1, 0),
(14406, '天津市', '李某某', 1, '2000', 1, 1, 3, 914, -1, 0),
(14407, '浙江省杭州市', '葛某某', 0, '2001', 1, 1, 1, 914, -1, 0),
(14409, '江西省樟树市', '刘某某', 0, '2000', 1, 1, 1, 915, -1, 1),
(14411, '浙江省慈溪市', '茹某某', 1, '2000', 1, 1, 1, 915, -1, 0),
(14412, '浙江省宁波市', '旷某某', 1, '2000', 1, 1, 1, 915, -1, 0),
(14413, '浙江省宁波市', '胡某某', 0, '2000', 1, 1, 1, 914, -1, 0),
(14414, '浙江省东阳市', '江某某', 0, '2001', 1, 1, 1, 914, -1, 0),
(14415, '浙江省宁波市', '王某某', 0, '2001', 1, 1, 1, 914, -1, 0),
(14416, '浙江省宁波市', '王某某', 1, '2000', 1, 1, 1, 915, -1, 0),
(14417, '浙江省宁波市', '江某某', 1, '2001', 1, 1, 1, 915, -1, 0),
(14418, '浙江省宁波市', '苏某某', 1, '2000', 1, 1, 1, 914, -1, 0),
(14420, '浙江省台州市', '虞某某', 0, '2000', 1, 1, 1, 914, -1, 0),
(14421, '浙江省台州市', '许某某', 0, '2000', 1, 1, 1, 914, 501, 0),
(14422, '浙江省宁波市', '陈某某', 1, '2001', 1, 1, 1, 915, -1, 0),
(14424, '浙江省宁波市', '范某某', 1, '2001', 1, 1, 1, 914, -1, 0),
(14425, '浙江省宁波市', '王某某', 1, '2001', 1, 1, 1, 914, -1, 0),
(14426, '浙江省宁波市', '陈某某', 0, '2000', 1, 1, 1, 915, -1, 0),
(14427, '浙江省金华市', '杨某某', 1, '2000', 1, 1, 1, 915, -1, 0),
(14428, '浙江省宁波市', '张某某', 0, '2001', 1, 1, 1, 915, -1, 0),
(14429, '上海市', '沈某某', 0, '2000', 1, 1, 2, 914, -1, 0),
(14430, '浙江省奉化市', '何某某', 0, '2000', 1, 1, 1, 914, -1, 0),
(14431, '浙江省台州市', '杨某某', 0, '2001', 1, 1, 1, 914, -1, 0),
(14432, '浙江省宁波市', '王某某', 0, '2000', 1, 1, 1, 914, -1, 0),
(14433, '浙江省东阳市', '韦某某', 0, '2001', 1, 1, 1, 915, -1, 0),
(14434, '浙江省宁波市', '郭某某', 0, '2001', 1, 1, 2, 915, 501, 0),
(14436, '浙江省江山市', '曾某某', 1, '2000', 1, 1, 1, 914, -1, 0),
(14437, '浙江省宁波市', '陈某某', 1, '2001', 1, 1, 1, 915, -1, 0),
(14438, '浙江省宁波市', '卢某某', 1, '2000', 1, 1, 1, 914, -1, 0),
(14439, '浙江省舟山市', '赵某某', 1, '2000', 1, 1, 1, 914, -1, 0),
(14440, '浙江省宁波市', '沈某某', 0, '2000', 1, 1, 1, 915, -1, 0),
(14441, '浙江省宁波市', '周某某', 1, '2000', 1, 1, 1, 915, -1, 0),
(14443, '浙江省慈溪市', '朱某某', 1, '2000', 1, 1, 1, 915, -1, 0),
(14444, '浙江省宁波市', '叶某某', 0, '2001', 1, 1, 1, 914, -1, 0),
(14445, '浙江省宁波市', '丁某某', 0, '2000', 1, 1, 1, 915, -1, 0),
(14446, '浙江省岱山市', '金某某', 1, '2000', 1, 1, 1, 915, -1, 0),
(14447, '江西省上饶市', '王某某', 0, '2001', 1, 1, 2, 915, -1, 0),
(14448, '浙江省宁波市', '张某某', 0, '2001', 1, 1, 1, 914, -1, 0),
(14449, '浙江省宁波市', '傅某某', 1, '2001', 1, 1, 1, 924, 504, 0),
(14454, '浙江省宁波市', '陈某某', 1, '2001', 1, 1, 1, 901, -1, 0),
(14455, '浙江省宁波市', '胡某某', 1, '2001', 1, 1, 1, 901, -1, 0),
(14456, '浙江省宁波市', '胡某某', 1, '2001', 1, 1, 1, 903, -1, 0),
(14457, '浙江省宁波市', '黄某某', 1, '2002', 1, 1, 1, 901, -1, 0),
(14458, '浙江省宁波市', '黄某某', 1, '2001', 1, 1, 1, 901, -1, 0),
(14459, '山西省晋中市', '李某某', 1, '2002', 1, 1, 1, 901, 604, 0),
(14461, '浙江省宁波市', '柳某某', 1, '2001', 1, 1, 2, 901, -1, 0),
(14463, '浙江省宁波市', '钱某某', 1, '2002', 1, 1, 1, 901, -1, 0),
(14464, '浙江省宁波市', '王某某', 1, '2001', 1, 1, 1, 902, -1, 0),
(14465, '浙江省台州市', '吴某某', 1, '2002', 1, 1, 3, 901, 604, 0),
(14466, '浙江省宁波市', '辛某某', 1, '2002', 1, 1, 1, 901, -1, 0),
(14467, '浙江省嵊州市', '许某某', 1, '2002', 1, 1, 1, 901, -1, 0),
(14468, '浙江省宁波市', '杨某某', 1, '2002', 1, 1, 1, 901, -1, 0),
(14471, '浙江省绍兴市', '赵某某', 1, '2001', 1, 1, 1, 901, -1, 0),
(14472, '浙江省诸暨市', '周某某', 1, '2001', 1, 1, 1, 901, -1, 0),
(14473, '浙江省宁波市', '周某某', 1, '2002', 1, 1, 1, 901, -1, 0),
(14474, '浙江省宁波市', '周某某', 1, '2001', 1, 1, 1, 901, -1, 0),
(14475, '浙江省桐乡市', '朱某某', 1, '2001', 1, 1, 1, 901, -1, 0),
(14478, '浙江省宁海市', '祝某某', 1, '2002', 1, 1, 1, 901, 604, 0),
(14480, '浙江省杭州市', '陈某某', 0, '2001', 1, 1, 1, 903, -1, 0),
(14481, '浙江省宁波市', '戴某某', 0, '2002', 1, 1, 1, 901, 321, 0),
(14482, '浙江省宁波市', '冯某某', 0, '2002', 1, 1, 1, 902, -1, 0),
(14483, '浙江省宁波市', '傅某某', 0, '2002', 1, 1, 1, 901, 319, 0),
(14485, '浙江省温州市', '黄某某', 0, '2002', 1, 1, 2, 943, -1, 0),
(14487, '浙江省宁波市', '金某某', 0, '2002', 1, 1, 1, 902, -1, 0),
(14489, '浙江省仙居市', '柯某某', 0, '2002', 1, 1, 1, 901, -1, 0),
(14490, '黑龙江省鹤岗市', '李某某', 0, '2001', 1, 1, 1, 901, -1, 0),
(14491, '浙江省临海市', '李某某', 0, '2001', 1, 1, 2, 901, 319, 0),
(14492, '福建省三明市', '李某某', 0, '2001', 1, 1, 1, 901, -1, 0),
(14493, '浙江省温州市', '李某某', 0, '2001', 1, 1, 1, 901, 321, 0),
(14497, '浙江省宁波市', '施某某', 0, '2001', 1, 1, 3, 903, -1, 0),
(14498, '浙江省象山市', '史某某', 0, '2002', 1, 1, 1, 901, 321, 0),
(14499, '安徽省安庆市', '宋某某', 0, '2001', 1, 1, 1, 901, 315, 0),
(14500, '浙江省宁波市', '王某某', 0, '2002', 1, 1, 2, 901, -1, 0),
(14501, '辽宁省大连市', '王某某', 0, '2001', 1, 1, 1, 901, 315, 0),
(14502, '浙江省宁波市', '王某某', 0, '2003', 1, 1, 1, 901, 315, 0),
(14503, '浙江省温州市', '伍某某', 0, '2002', 1, 1, 1, 901, -1, 0),
(14505, '浙江省宁波市', '应某某', 0, '2002', 1, 1, 1, 901, -1, 0),
(14506, '浙江省宁波市', '余某某', 0, '2002', 1, 1, 1, 901, -1, 0),
(14513, '浙江省宁波市', '沈某某', 1, '2001', 1, 1, 1, 903, -1, 0),
(14514, '浙江省宁波市', '毕某某', 0, '2001', 1, 1, 1, 905, -1, 0),
(14515, '浙江省宁波市', '陈某某', 1, '2001', 1, 1, 1, 905, -1, 0),
(14517, '河南省商城市', '丁某某', 1, '2002', 1, 1, 1, 906, 602, 0),
(14518, '江西省乐安市', '郭某某', 1, '2001', 1, 1, 1, 908, -1, 0),
(14519, '江西省鄱阳市', '胡某某', 1, '2001', 1, 1, 1, 905, -1, 0),
(14522, '甘肃省庆阳市', '李某某', 1, '2002', 1, 1, 1, 908, -1, 0),
(14526, '浙江省宁波市', '裘某某', 1, '2002', 1, 1, 1, 908, -1, 0),
(14535, '浙江省宁波市', '童某某', 1, '2001', 1, 1, 2, 908, -1, 0),
(14539, '浙江省鄞县市', '吴某某', 0, '2002', 1, 1, 1, 908, -1, 0),
(14548, '上海市', '袁某某', 0, '2002', 1, 1, 1, 910, -1, 0),
(14549, '浙江省平湖市', '张某某', 1, '2002', 1, 1, 1, 907, -1, 0),
(14550, '浙江省宁波市', '张某某', 1, '2001', 1, 1, 1, 904, -1, 0),
(14551, '江西省宜春市', '张某某', 1, '2002', 1, 1, 3, 909, 619, 0),
(14553, '浙江省宁波市', '周某某', 1, '2002', 1, 1, 1, 909, -1, 0),
(14554, '浙江省江山市', '周某某', 1, '2002', 1, 1, 1, 903, -1, 0),
(14555, '浙江省嵊州市', '竺某某', 1, '2002', 1, 1, 1, 910, -1, 0),
(14556, '浙江省宁波市', '陈某某', 1, '2002', 1, 1, 1, 909, -1, 0),
(14557, '浙江省东阳市', '陈某某', 0, '2002', 1, 1, 1, 902, -1, 0),
(14558, '浙江省宁波市', '戴某某', 1, '2002', 1, 1, 1, 902, -1, 0),
(14559, '浙江省宁波市', '董某某', 1, '2002', 1, 1, 1, 904, 617, 0),
(14560, '浙江省诸暨市', '黄某某', 1, '2002', 1, 1, 1, 902, -1, 0),
(14561, '河南省信阳市', '李某某', 1, '2002', 1, 1, 1, 908, -1, 0),
(14562, '四川省南充市', '李某某', 1, '2001', 1, 1, 1, 908, 605, 0),
(14563, '湖南省湘乡市', '刘某某', 0, '2002', 1, 1, 1, 904, -1, 0),
(14565, '浙江省宁波市', '罗某某', 0, '2002', 1, 1, 1, 910, -1, 0),
(14566, '浙江省宁波市', '马某某', 0, '2001', 1, 1, 1, 905, -1, 0),
(14567, '浙江省宁波市', '石某某', 1, '2002', 1, 1, 1, 910, -1, 0),
(14568, '浙江省宁波市', '舒某某', 1, '2001', 1, 1, 1, 905, 603, 0),
(14570, '浙江省宁波市', '孙某某', 1, '2002', 1, 1, 1, 907, 614, 0),
(14571, '浙江省宁波市', '唐某某', 1, '2002', 1, 1, 1, 907, 612, 0),
(14572, '浙江省富阳市', '唐某某', 1, '2001', 1, 1, 1, 905, -1, 0),
(14573, '浙江省宁波市', '童某某', 0, '2001', 1, 1, 1, 902, 304, 0),
(14574, '黑龙江省阿城市', '汪某某', 1, '2002', 1, 1, 1, 905, 615, 0),
(14575, '浙江省宁波市', '王某某', 0, '2002', 1, 1, 1, 907, 304, 0),
(14576, '江西省吉安市', '王某某', 0, '2002', 1, 1, 1, 907, 314, 0),
(14578, '浙江省杭州市', '王某某', 1, '2002', 1, 1, 1, 909, 605, 0),
(14579, '浙江省舟山市', '王某某', 1, '2001', 1, 1, 1, 907, -1, 0),
(14580, '浙江省宁波市', '乌某某', 1, '2002', 1, 1, 1, 905, -1, 0),
(14581, '浙江省宁波市', '吴某某', 1, '2001', 1, 1, 1, 902, -1, 0),
(14582, '浙江省宁波市', '忻某某', 0, '2001', 1, 1, 1, 902, -1, 0),
(14583, '浙江省宁波市', '徐某某', 1, '2002', 1, 1, 1, 910, -1, 0),
(14585, '浙江省宁波市', '叶某某', 1, '2001', 1, 1, 1, 908, -1, 0),
(14587, '浙江省宁波市', '虞某某', 1, '2002', 1, 1, 1, 910, -1, 0),
(14589, '浙江省宁波市', '张某某', 0, '2002', 1, 1, 1, 903, -1, 0),
(14590, '江苏省泰州市', '张某某', 0, '2002', 1, 1, 2, 902, 306, 0),
(14591, '浙江省舟山市', '张某某', 1, '2001', 1, 1, 1, 903, -1, 0),
(14592, '浙江省宁波市', '赵某某', 0, '2002', 1, 1, 1, 904, -1, 0),
(14593, '河南省三门峡市', '赵某某', 1, '2007', 1, 1, 1, 902, -1, 0),
(14594, '浙江省缙云市', '郑某某', 1, '2001', 1, 1, 1, 905, 618, 0),
(14596, '浙江省奉化市', '竺某某', 0, '2001', 1, 1, 1, 905, 312, 0),
(14597, '浙江省宁波市', '曹某某', 0, '2002', 1, 1, 1, 902, -1, 0),
(14598, '陕西省宝鸡市', '车某某', 1, '2002', 1, 1, 1, 908, -1, 0),
(14599, '浙江省台州市', '陈某某', 1, '2002', 1, 1, 1, 906, -1, 0),
(14600, '浙江省宁波市', '陈某某', 1, '2002', 1, 1, 1, 905, 615, 0),
(14601, '湖北省黄梅市', '陈某某', 0, '2002', 3, 1, 1, 907, -1, 0),
(14602, '浙江省宁波市', '陈某某', 1, '2002', 1, 1, 1, 906, -1, 0),
(14603, '浙江省宁波市', '戴某某', 1, '2002', 1, 1, 1, 909, 619, 0),
(14604, '浙江省温州市', '董某某', 0, '2002', 1, 1, 2, 902, -1, 0),
(14605, '湖北省英山市', '方某某', 1, '2002', 1, 1, 1, 906, -1, 0),
(14607, '浙江省宁波市', '葛某某', 1, '2001', 1, 1, 1, 906, -1, 0),
(14608, '浙江省宁波市', '洪某某', 0, '2001', 1, 1, 1, 906, -1, 0),
(14609, '浙江省宁波市', '胡某某', 1, '2001', 1, 1, 1, 908, -1, 0),
(14610, '浙江省宁波市', '胡某某', 0, '2002', 1, 1, 1, 902, -1, 0),
(14611, '浙江省温州市', '黄某某', 1, '2002', 1, 1, 1, 910, 609, 0),
(14612, '浙江省宁波市', '纪某某', 0, '2002', 1, 1, 1, 903, -1, 0),
(14613, '浙江省宁波市', '金某某', 0, '2002', 1, 1, 1, 905, 304, 0),
(14614, '浙江省宁波市', '李某某', 1, '2002', 1, 1, 1, 904, -1, 0),
(14615, '浙江省宁波市', '李某某', 1, '2002', 1, 1, 1, 906, -1, 0),
(14618, '浙江省宁波市', '刘某某', 1, '2002', 1, 1, 1, 907, -1, 0),
(14619, '浙江省宁波市', '刘某某', 1, '2002', 1, 1, 1, 908, -1, 0),
(14622, '浙江省舟山市', '邵某某', 1, '2002', 1, 1, 1, 903, -1, 0),
(14623, '浙江省宁波市', '王某某', 1, '2002', 1, 1, 1, 910, -1, 0),
(14624, '浙江省宁波市', '徐某某', 0, '2002', 1, 1, 1, 902, -1, 0),
(14625, '浙江省宁波市', '徐某某', 0, '2002', 1, 1, 1, 903, -1, 0),
(14626, '浙江省宁波市', '徐某某', 0, '2001', 1, 1, 1, 903, -1, 0),
(14627, '浙江省宁波市', '杨某某', 0, '2001', 1, 1, 1, 903, -1, 0),
(14628, '浙江省绍兴市', '杨某某', 1, '2001', 1, 1, 1, 902, -1, 0),
(14629, '浙江省宁波市', '叶某某', 0, '2002', 1, 1, 1, 904, -1, 0),
(14630, '浙江省舟山市', '应某某', 0, '2001', 1, 1, 1, 903, 319, 0),
(14631, '浙江省奉化市', '余某某', 0, '2002', 1, 1, 1, 904, -1, 0),
(14633, '浙江省宁波市', '张某某', 1, '2002', 1, 1, 1, 910, -1, 0),
(14634, '浙江省舟山市', '赵某某', 0, '2002', 1, 1, 1, 904, -1, 0),
(14635, '江苏省吴江市', '周某某', 0, '2002', 1, 1, 3, 906, -1, 0),
(14636, '浙江省宁波市', '朱某某', 0, '2002', 1, 1, 1, 903, -1, 0),
(14639, '浙江省杭州市', '陈某某', 1, '2002', 1, 1, 1, 904, -1, 0),
(14640, '浙江省舟山市', '陈某某', 1, '2003', 1, 1, 1, 909, -1, 0),
(14641, '浙江省绍兴市', '陈某某', 0, '2001', 1, 1, 1, 906, -1, 0),
(14642, '浙江省宁波市', '陈某某', 1, '2002', 1, 1, 1, 908, -1, 0),
(14643, '浙江省宁波市', '程某某', 0, '2002', 1, 1, 1, 902, -1, 0),
(14644, '浙江省宁波市', '董某某', 1, '2002', 1, 1, 1, 910, -1, 0),
(14645, '浙江省宁波市', '杜某某', 0, '2002', 1, 1, 1, 902, -1, 0),
(14647, '浙江省海宁市', '富某某', 0, '2001', 1, 1, 1, 903, -1, 0),
(14648, '湖北省巴东市', '高某某', 0, '2002', 1, 1, 1, 902, -1, 0),
(14649, '浙江省宁波市', '何某某', 0, '2002', 1, 1, 1, 906, -1, 0),
(14650, '浙江省宁波市', '胡某某', 0, '2002', 1, 1, 1, 905, -1, 0),
(14651, '浙江省宁波市', '胡某某', 1, '2002', 1, 1, 1, 907, -1, 0),
(14653, '浙江省诸暨市', '蒋某某', 0, '2001', 1, 1, 1, 902, -1, 0),
(14654, '浙江省金华市', '金某某', 1, '2002', 1, 1, 1, 907, -1, 0),
(14658, '浙江省宁波市', '李某某', 1, '2001', 1, 1, 1, 907, -1, 0),
(14659, '浙江省宁波市', '李某某', 0, '2002', 1, 1, 1, 903, -1, 0),
(14661, '浙江省台州市', '邵某某', 1, '2002', 1, 1, 1, 910, -1, 0),
(14662, '浙江省宁波市', '孙某某', 0, '2002', 1, 1, 1, 905, -1, 0),
(14663, '浙江省宁波市', '孙某某', 1, '2001', 1, 1, 1, 909, -1, 0),
(14665, '浙江省宁波市', '汪某某', 1, '2001', 1, 1, 1, 908, 607, 0),
(14666, '浙江省宁波市', '王某某', 0, '2002', 1, 1, 1, 904, 306, 0),
(14667, '浙江省宁波市', '王某某', 1, '2001', 1, 1, 1, 910, -1, 0),
(14668, '浙江省宁波市', '薛某某', 1, '2002', 1, 1, 1, 910, -1, 0),
(14669, '浙江省宁波市', '余某某', 1, '2001', 1, 1, 1, 910, -1, 0),
(14670, '浙江省绍兴市', '俞某某', 1, '2002', 1, 1, 1, 908, -1, 0),
(14673, '湖南省怀化市', '张某某', 1, '2002', 4, 1, 1, 906, 614, 0),
(14674, '湖南省祁阳市', '张某某', 1, '2001', 1, 1, 1, 907, -1, 0),
(14675, '浙江省宁波市', '张某某', 1, '2001', 1, 1, 1, 906, -1, 0),
(14677, '浙江省宁波市', '周某某', 0, '2002', 1, 1, 1, 908, -1, 0),
(14679, '浙江省慈溪市', '周某某', 0, '2002', 1, 1, 1, 902, -1, 0),
(14680, '浙江省宁波市', '陈某某', 1, '2002', 1, 1, 1, 907, -1, 0),
(14681, '江苏省如皋市', '丁某某', 0, '2002', 1, 1, 1, 904, -1, 0),
(14683, '浙江省宁波市', '高某某', 0, '2002', 1, 1, 1, 907, 317, 0),
(14684, '浙江省杭州市', '顾某某', 0, '2001', 1, 1, 1, 905, -1, 0),
(14685, '浙江省宁波市', '胡某某', 1, '2001', 1, 1, 1, 906, 606, 0),
(14686, '浙江省余姚市', '胡某某', 1, '2002', 1, 1, 1, 908, 611, 0),
(14687, '浙江省宁波市', '黄某某', 0, '2002', 1, 1, 1, 904, -1, 0),
(14688, '浙江省余姚市', '黄某某', 0, '2001', 1, 1, 1, 909, -1, 0),
(14689, '浙江省宁波市', '李某某', 1, '2002', 1, 1, 1, 910, -1, 0),
(14690, '浙江省富阳市', '李某某', 1, '2001', 1, 1, 1, 904, -1, 0),
(14691, '福建省宁德市', '林某某', 1, '2002', 1, 1, 1, 907, -1, 0),
(14692, '浙江省宁波市', '林某某', 1, '2002', 1, 1, 1, 908, -1, 0),
(14694, '浙江省宁波市', '刘某某', 1, '2001', 1, 1, 1, 905, 618, 0),
(14696, '浙江省余姚市', '陆某某', 1, '2002', 1, 1, 1, 906, 614, 0),
(14697, '浙江省嵊州市', '吕某某', 1, '2002', 1, 1, 1, 907, 602, 0),
(14698, '浙江省宁波市', '钱某某', 0, '2002', 1, 1, 1, 905, -1, 0),
(14699, '浙江省奉化市', '汪某某', 1, '2001', 1, 1, 1, 904, 617, 0),
(14700, '浙江省宁波市', '王某某', 0, '2002', 1, 1, 1, 904, -1, 0),
(14701, '浙江省奉化市', '王某某', 0, '2001', 1, 1, 1, 903, 319, 0),
(14702, '浙江省余姚市', '魏某某', 0, '2002', 1, 1, 1, 904, 317, 0),
(14705, '浙江省宁波市', '杨某某', 1, '2002', 1, 1, 1, 905, -1, 0),
(14706, '浙江省宁波市', '尹某某', 1, '2002', 1, 1, 1, 910, -1, 0),
(14707, '浙江省宁波市', '俞某某', 0, '2002', 1, 1, 1, 903, -1, 0),
(14708, '浙江省宁波市', '袁某某', 0, '2002', 1, 1, 1, 904, -1, 0),
(14709, '浙江省宁波市', '张某某', 0, '2001', 1, 1, 1, 906, -1, 0),
(14710, '河北省唐山市', '张某某', 0, '2002', 1, 1, 1, 908, -1, 0),
(14711, '浙江省台州市', '张某某', 0, '2002', 1, 1, 1, 907, 304, 0),
(14712, '浙江省宁波市', '张某某', 0, '2002', 1, 1, 1, 903, 308, 0),
(14713, '浙江省衢州市', '张某某', 0, '2002', 1, 1, 1, 910, 317, 0),
(14714, '江西省九江市', '张某某', 0, '2002', 1, 1, 1, 904, 314, 0),
(14715, '浙江省宁波市', '张某某', 0, '2001', 1, 1, 1, 903, 317, 0),
(14717, '浙江省宁波市', '周某某', 1, '2001', 1, 1, 1, 907, -1, 0),
(14718, '浙江省浦江市', '朱某某', 1, '2002', 1, 1, 1, 905, 603, 0),
(14721, '浙江省宁波市', '陈某某', 1, '2002', 1, 1, 1, 905, -1, 0),
(14722, '浙江省宁波市', '陈某某', 1, '2002', 1, 1, 1, 908, -1, 0),
(14723, '浙江省新昌市', '笪某某', 0, '2002', 1, 1, 1, 905, -1, 0),
(14725, '浙江省宁波市', '范某某', 1, '2002', 1, 1, 1, 909, 619, 0),
(14726, '浙江省宁波市', '顾某某', 1, '2002', 1, 1, 1, 902, -1, 0),
(14728, '浙江省宁波市', '郭某某', 1, '2002', 1, 1, 1, 907, -1, 0),
(14729, '浙江省宁波市', '郭某某', 1, '2002', 1, 1, 1, 904, -1, 0),
(14731, '浙江省宁波市', '何某某', 0, '2002', 1, 1, 1, 905, -1, 0),
(14732, '浙江省宁波市', '贺某某', 1, '2002', 1, 1, 1, 909, -1, 0),
(14733, '浙江省台州市', '洪某某', 1, '2001', 1, 1, 1, 909, -1, 0),
(14734, '河南省驻马店市', '胡某某', 1, '2002', 1, 1, 1, 907, -1, 0),
(14739, '浙江省宁波市', '李某某', 0, '2002', 1, 1, 1, 902, -1, 0),
(14740, '浙江省宁波市', '李某某', 1, '2002', 1, 1, 1, 910, -1, 0),
(14742, '浙江省宁波市', '戚某某', 1, '2002', 1, 1, 1, 906, -1, 0),
(14745, '浙江省宁波市', '石某某', 1, '2001', 1, 1, 1, 905, -1, 0),
(14746, '浙江省宁波市', '王某某', 1, '2001', 1, 1, 1, 904, -1, 0),
(14748, '山西省临猗市', '王某某', 1, '2001', 1, 1, 1, 905, -1, 0),
(14749, '浙江省宁波市', '翁某某', 0, '2002', 1, 1, 1, 902, -1, 0),
(14750, '浙江省宁波市', '夏某某', 1, '2002', 1, 1, 1, 909, -1, 0),
(14753, '浙江省宁波市', '杨某某', 0, '2002', 1, 1, 1, 903, -1, 0),
(14754, '浙江省宁波市', '袁某某', 0, '2002', 1, 1, 1, 906, -1, 0),
(14756, '浙江省宁波市', '张某某', 0, '2002', 1, 1, 1, 908, -1, 0),
(14759, '浙江省宁波市', '竺某某', 1, '2002', 1, 1, 1, 904, -1, 0),
(14760, '浙江省宁波市', '包某某', 1, '2002', 1, 1, 1, 903, -1, 0),
(14761, '浙江省温岭市', '曹某某', 1, '2002', 1, 1, 1, 910, -1, 0),
(14763, '浙江省宁波市', '陈某某', 1, '2002', 1, 1, 1, 909, -1, 0),
(14764, '浙江省宁波市', '陈某某', 0, '2002', 1, 1, 1, 907, -1, 0),
(14765, '浙江省宁波市', '陈某某', 1, '2001', 1, 1, 1, 910, -1, 0),
(14766, '浙江省宁波市', '仇某某', 1, '2001', 1, 1, 1, 904, -1, 0),
(14767, '浙江省宁波市', '冯某某', 0, '2001', 1, 1, 1, 903, -1, 0),
(14768, '浙江省宁波市', '黄某某', 0, '2001', 1, 1, 1, 908, -1, 0),
(14769, '江苏省无锡市', '季某某', 0, '2000', 1, 1, 1, 902, -1, 0),
(14772, '浙江省宁波市', '牟某某', 0, '2002', 1, 1, 1, 907, -1, 0),
(14774, '浙江省宁波市', '邵某某', 1, '2001', 1, 1, 1, 907, -1, 0),
(14775, '浙江省宁波市', '沈某某', 0, '2002', 1, 1, 1, 905, -1, 0),
(14776, '浙江省宁波市', '沈某某', 0, '2002', 1, 1, 1, 902, -1, 0),
(14777, '浙江省宁波市', '盛某某', 1, '2002', 1, 1, 1, 904, -1, 0),
(14778, '浙江省宁波市', '孙某某', 1, '2002', 1, 1, 1, 906, -1, 0),
(14779, '浙江省宁波市', '孙某某', 0, '2002', 1, 1, 1, 905, -1, 0),
(14780, '浙江省杭州市', '唐某某', 1, '2002', 1, 1, 1, 909, -1, 0),
(14781, '浙江省奉化市', '汪某某', 0, '2001', 1, 1, 1, 909, -1, 0),
(14782, '浙江省金华市', '吴某某', 1, '2002', 1, 1, 1, 902, -1, 0),
(14784, '浙江省宁波市', '徐某某', 1, '2001', 1, 1, 1, 908, -1, 0),
(14785, '浙江省绍兴市', '许某某', 0, '2002', 1, 1, 1, 905, -1, 0),
(14786, '浙江省宁波市', '叶某某', 0, '2001', 1, 1, 1, 903, -1, 0),
(14787, '浙江省宁波市', '叶某某', 0, '2002', 1, 1, 1, 909, -1, 0),
(14788, '江苏省金湖市', '殷某某', 1, '2002', 1, 1, 1, 902, -1, 0),
(14789, '浙江省宁波市', '应某某', 1, '2001', 1, 1, 1, 910, 621, 0),
(14791, '浙江省宁波市', '张某某', 1, '2002', 1, 1, 1, 903, -1, 0),
(14792, '浙江省黄岩市', '张某某', 1, '2002', 1, 1, 1, 904, -1, 0),
(14794, '浙江省宁波市', '张某某', 1, '2002', 1, 1, 1, 910, 621, 0),
(14795, '浙江省宁波市', '张某某', 1, '2002', 1, 1, 1, 909, -1, 0),
(14796, '浙江省慈溪市', '张某某', 1, '2001', 1, 1, 1, 904, -1, 0),
(14797, '浙江省宁波市', '郑某某', 1, '2002', 1, 1, 1, 910, -1, 0),
(14798, '浙江省宁波市', '周某某', 1, '2002', 1, 1, 1, 908, -1, 0),
(14799, '浙江省宁波市', '朱某某', 0, '2002', 1, 1, 1, 909, -1, 0),
(14800, '浙江省宁波市', '朱某某', 0, '2002', 1, 1, 1, 903, -1, 0),
(14801, '浙江省宁波市', '鲍某某', 0, '2001', 1, 1, 1, 903, -1, 0),
(14802, '浙江省宁波市', '陈某某', 0, '2001', 1, 1, 1, 904, -1, 0),
(14804, '浙江省海宁市', '陈某某', 1, '2002', 1, 1, 1, 907, 612, 0),
(14805, '浙江省台州市', '陈某某', 0, '2002', 1, 1, 1, 906, 310, 0),
(14806, '安徽省铜陵市', '崔某某', 1, '2001', 1, 1, 1, 908, -1, 0),
(14808, '浙江省宁波市', '傅某某', 1, '2002', 1, 1, 1, 905, 603, 0),
(14809, '浙江省湖州市', '谷某某', 0, '2002', 1, 1, 1, 906, -1, 0),
(14810, '浙江省宁波市', '顾某某', 0, '2001', 1, 1, 1, 910, -1, 0),
(14811, '河北省石家庄市', '郝某某', 0, '2002', 1, 1, 1, 905, 310, 0),
(14812, '湖南省娄底市', '胡某某', 0, '2002', 1, 1, 1, 909, -1, 0),
(14813, '浙江省宁波市', '黄某某', 1, '2001', 1, 1, 1, 907, -1, 0),
(14814, '浙江省宁波市', '季某某', 1, '2001', 1, 1, 1, 910, -1, 0),
(14816, '浙江省宁波市', '李某某', 1, '2002', 1, 1, 1, 905, -1, 0),
(14817, '甘肃省庆阳市', '李某某', 1, '2001', 1, 1, 1, 908, -1, 0),
(14818, '浙江省湖州市', '李某某', 1, '2002', 1, 1, 1, 910, -1, 0),
(14820, '浙江省宁波市', '林某某', 1, '2002', 1, 1, 1, 906, -1, 0),
(14821, '湖南省益阳市', '刘某某', 1, '2002', 1, 1, 1, 908, -1, 0),
(14822, '浙江省宁波市', '吕某某', 1, '2002', 1, 1, 1, 908, -1, 0),
(14823, '浙江省宁波市', '马某某', 0, '2002', 1, 1, 1, 907, -1, 0),
(14824, '浙江省宁波市', '潘某某', 1, '2002', 1, 1, 1, 906, 602, 0),
(14825, '江苏省高邮市', '戚某某', 0, '2002', 1, 1, 2, 904, 314, 0),
(14826, '浙江省宁波市', '施某某', 1, '2002', 1, 1, 1, 909, -1, 0),
(14827, '浙江省宁波市', '舒某某', 0, '2002', 1, 1, 1, 902, 314, 0),
(14828, '浙江省宁波市', '孙某某', 1, '2002', 1, 1, 1, 905, -1, 0),
(14829, '浙江省宁波市', '孙某某', 0, '2001', 1, 1, 1, 902, -1, 0),
(14830, '安徽省怀宁市', '王某某', 0, '2002', 1, 1, 1, 910, -1, 0),
(14833, '浙江省宁波市', '严某某', 1, '2001', 1, 1, 1, 910, -1, 0),
(14834, '浙江省宁波市', '应某某', 0, '2002', 1, 1, 1, 907, 314, 0),
(14835, '浙江省杭州市', '余某某', 1, '2001', 1, 1, 1, 908, -1, 0),
(14836, '浙江省宁波市', '虞某某', 1, '2001', 1, 1, 1, 909, 613, 0),
(14837, '浙江省宁波市', '张某某', 1, '2002', 1, 1, 1, 904, 613, 0),
(14838, '浙江省宁波市', '张某某', 1, '2001', 1, 1, 1, 909, -1, 0),
(14839, '浙江省宁波市', '赵某某', 1, '2002', 3, 1, 1, 907, -1, 0),
(14840, '浙江省宁波市', '钟某某', 0, '2001', 1, 1, 1, 907, -1, 0),
(14841, '浙江省宁波市', '周某某', 1, '2002', 1, 1, 1, 905, -1, 0),
(14842, '浙江省宁波市', '朱某某', 0, '2002', 1, 1, 1, 907, -1, 0),
(14843, '浙江省宁波市', '陈某某', 0, '2002', 1, 1, 1, 905, 302, 0),
(14846, '浙江省宁波市', '方某某', 0, '2002', 1, 1, 1, 908, 302, 0),
(14848, '北京市', '高某某', 0, '2002', 1, 1, 1, 904, -1, 0),
(14849, '四川省广安市', '古某某', 1, '2002', 1, 1, 1, 907, -1, 0),
(14851, '浙江省宁波市', '胡某某', 1, '2001', 1, 1, 1, 906, 611, 0),
(14852, '浙江省慈溪市', '胡某某', 1, '2001', 1, 1, 1, 908, -1, 0),
(14854, '黑龙江省佳木市', '李某某', 1, '2002', 1, 1, 1, 910, 609, 0),
(14857, '山西省大同市', '刘某某', 0, '2002', 1, 1, 1, 903, -1, 0),
(14858, '浙江省宁波市', '刘某某', 1, '2002', 1, 1, 1, 910, -1, 0),
(14860, '浙江省余姚市', '吕某某', 1, '2001', 1, 1, 1, 910, 609, 0),
(14861, '浙江省余姚市', '沈某某', 1, '2001', 1, 1, 1, 909, -1, 0),
(14863, '浙江省宁波市', '史某某', 0, '2001', 1, 1, 1, 903, -1, 0),
(14864, '浙江省宁波市', '孙某某', 1, '2002', 1, 1, 1, 910, -1, 0),
(14865, '浙江省宁波市', '王某某', 0, '2002', 1, 1, 1, 902, -1, 0),
(14866, '江西省赣州市', '王某某', 0, '2002', 1, 1, 1, 905, 312, 0),
(14868, '河南省信阳市', '吴某某', 0, '2002', 1, 1, 1, 905, 302, 0),
(14872, '浙江省衢州市', '徐某某', 1, '2002', 1, 1, 1, 908, -1, 0),
(14873, '浙江省宁波市', '徐某某', 0, '2002', 1, 1, 1, 909, -1, 0),
(14875, '山东省济宁市', '杨某某', 1, '2002', 1, 1, 1, 904, 617, 0),
(14876, '浙江省宁波市', '余某某', 1, '2002', 1, 1, 1, 909, -1, 0),
(14878, '浙江省宁波市', '张某某', 1, '2001', 1, 1, 1, 907, 612, 0),
(14879, '浙江省宁波市', '赵某某', 0, '2001', 1, 1, 1, 906, -1, 0),
(14881, '浙江省宁波市', '周某某', 1, '2002', 1, 1, 1, 909, 621, 0),
(14883, '浙江省宁波市', '裘某某', 1, '2002', 1, 1, 1, 910, -1, 0),
(14884, '浙江省嘉兴市', '陈某某', 0, '2002', 1, 1, 1, 911, 211, 0),
(14885, '安徽省宣州市', '陈某某', 0, '2001', 1, 1, 1, 912, 210, 0),
(14886, '浙江省东阳市', '单某某', 0, '2002', 1, 1, 1, 911, 207, 0),
(14888, '浙江省湖州市', '冯某某', 0, '2002', 1, 1, 1, 912, 206, 0),
(14889, '浙江省宁波市', '高某某', 0, '2001', 1, 1, 1, 911, 213, 0),
(14890, '江苏省如皋市', '贾某某', 0, '2002', 1, 1, 2, 911, 205, 0),
(14891, '重庆市', '雷某某', 0, '2001', 1, 1, 1, 912, 208, 0),
(14892, '浙江省杭州市', '林某某', 0, '2002', 1, 1, 1, 911, 203, 0),
(14893, '浙江省慈溪市', '罗某某', 0, '2001', 1, 1, 1, 912, 206, 0),
(14894, '浙江省宁波市', '吕某某', 0, '2002', 1, 1, 1, 911, 203, 0),
(14895, '浙江省慈溪市', '马某某', 0, '2001', 1, 1, 1, 912, 208, 0),
(14896, '浙江省宁波市', '马某某', 0, '2002', 1, 1, 1, 911, 211, 0),
(14897, '浙江省宁波市', '毛某某', 0, '2002', 1, 1, 1, 911, 213, 0),
(14898, '安徽省阜阳市', '牛某某', 0, '2002', 1, 1, 1, 912, 214, 0),
(14899, '浙江省临安市', '潘某某', 0, '2001', 1, 1, 1, 911, 209, 0),
(14902, '浙江省奉化市', '王某某', 0, '2002', 1, 1, 1, 911, 211, 0),
(14903, '江西省赣州市', '谢某某', 0, '2002', 1, 1, 1, 911, 207, 0),
(14904, '浙江省宁波市', '叶某某', 0, '2002', 1, 1, 1, 912, 208, 0),
(14905, '浙江省慈溪市', '应某某', 0, '2002', 1, 1, 1, 911, 209, 0),
(14906, '浙江省杭州市', '俞某某', 0, '2001', 1, 1, 2, 912, 208, 0),
(14907, '浙江省衢州市', '张某某', 0, '2002', 1, 1, 1, 912, 208, 0),
(14909, '浙江省舟山市', '张某某', 0, '2001', 1, 1, 1, 912, 210, 0),
(14910, '河南省商丘市', '赵某某', 0, '2002', 1, 1, 1, 912, 206, 0),
(14911, '浙江省兰溪市', '周某某', 0, '2001', 1, 1, 1, 912, 212, 0),
(14912, '浙江省宁波市', '朱某某', 0, '2001', 1, 1, 1, 911, 213, 0),
(14913, '湖北省广水市', '左某某', 0, '2002', 1, 1, 1, 912, 214, 0),
(14914, '浙江省衢州市', '曾某某', 0, '2002', 1, 1, 1, 909, 316, 0),
(14915, '安徽省颍上市', '程某某', 0, '2001', 1, 1, 1, 912, 212, 0),
(14916, '浙江省温州市', '高某某', 0, '2001', 1, 1, 1, 911, 209, 0),
(14917, '安徽省淮北市', '高某某', 0, '2002', 1, 1, 1, 912, 204, 0),
(14918, '浙江省宁海市', '葛某某', 0, '2001', 1, 1, 1, 912, 204, 0),
(14919, '浙江省宁波市', '管某某', 0, '2001', 1, 1, 2, 912, 212, 0),
(14924, '浙江省温州市', '林某某', 0, '2001', 1, 1, 1, 911, 207, 0),
(14925, '湖南省益阳市', '林某某', 0, '2002', 1, 1, 1, 912, -1, 0),
(14927, '浙江省宁波市', '裘某某', 0, '2001', 1, 1, 1, 909, -1, 0),
(14928, '浙江省宁波市', '孙某某', 0, '2002', 1, 1, 1, 912, 214, 0),
(14929, '福建省建阳市', '汤某某', 0, '2002', 1, 1, 1, 912, 204, 0),
(14930, '浙江省宁波市', '万某某', 0, '2002', 1, 1, 1, 912, 210, 0),
(14931, '四川省大竹市', '王某某', 0, '2000', 1, 1, 1, 911, 213, 0),
(14933, '浙江省台州市', '吴某某', 0, '2001', 1, 1, 1, 911, 203, 0),
(14935, '浙江省绍兴市', '徐某某', 0, '2001', 1, 1, 1, 911, 205, 0),
(14936, '浙江省衢州市', '徐某某', 0, '2001', 1, 1, 1, 911, 203, 0),
(14937, '浙江省宁波市', '徐某某', 0, '2001', 1, 1, 1, 911, 207, 0),
(14939, '浙江省宁波市', '杨某某', 0, '2001', 1, 1, 1, 912, 210, 0),
(14940, '浙江省台州市', '叶某某', 0, '2001', 1, 1, 1, 912, 206, 0),
(14941, '山东省济宁市', '赵某某', 0, '2002', 1, 1, 1, 912, 214, 0),
(14942, '浙江省绍兴市', '周某某', 0, '2002', 1, 1, 1, 912, 204, 0),
(14945, '浙江省宁波市', '李某某', 0, '2001', 1, 1, 2, 913, 511, 0),
(14946, '浙江省宁波市', '陈某某', 1, '2002', 1, 1, 1, 913, -1, 0),
(14947, '浙江省宁波市', '王某某', 0, '2002', 1, 1, 1, 913, -1, 0),
(14949, '浙江省嘉兴市', '周某某', 0, '2001', 1, 1, 2, 913, 509, 0),
(14951, '浙江省绍兴市', '陈某某', 0, '2002', 1, 1, 3, 913, -1, 0),
(14952, '浙江省宁波市', '陈某某', 0, '2002', 1, 1, 1, 942, 517, 0),
(14953, '浙江省宁波市', '毛某某', 0, '2001', 1, 1, 3, 913, -1, 0),
(14954, '浙江省宁波市', '冯某某', 0, '2002', 1, 1, 1, 913, -1, 0),
(14955, '浙江省余姚市', '郑某某', 0, '2001', 1, 1, 1, 913, -1, 0),
(14956, '浙江省宁波市', '吕某某', 1, '2001', 1, 1, 2, 913, -1, 0),
(14958, '浙江省宁波市', '周某某', 0, '2002', 1, 1, 1, 913, -1, 0),
(14959, '浙江省宁波市', '乐某某', 1, '2002', 1, 1, 1, 913, -1, 0),
(14960, '浙江省宁波市', '田某某', 1, '2002', 1, 1, 1, 913, -1, 0),
(14961, '江西省吉安市', '张某某', 0, '2002', 1, 1, 1, 913, 513, 0),
(14962, '浙江省余姚市', '刘某某', 0, '2002', 1, 1, 1, 913, -1, 0),
(14963, '浙江省绍兴市', '钱某某', 0, '2002', 1, 1, 1, 913, 508, 0),
(14964, '浙江省宁波市', '李某某', 0, '2001', 1, 1, 1, 913, 513, 0),
(14965, '浙江省绍兴市', '徐某某', 0, '2002', 1, 1, 1, 913, -1, 0),
(14966, '浙江省宁波市', '庄某某', 0, '2002', 1, 1, 1, 913, 509, 0),
(14967, '江西省高安市', '况某某', 0, '2002', 1, 1, 1, 913, 509, 0),
(14968, '重庆市', '蒋某某', 0, '2002', 1, 1, 1, 913, 508, 0),
(14969, '浙江省舟山市', '刘某某', 1, '2002', 1, 1, 1, 913, -1, 0),
(14970, '浙江省宁波市', '盛某某', 0, '2002', 1, 1, 1, 913, 508, 0),
(14971, '浙江省宁波市', '陈某某', 1, '2002', 1, 1, 1, 913, -1, 0),
(14972, '辽宁省鞍山市', '董某某', 0, '2001', 1, 1, 1, 913, 513, 0),
(14973, '江苏省泰县市', '周某某', 0, '2001', 1, 1, 1, 913, 512, 0),
(14974, '浙江省宁波市', '卓某某', 0, '2002', 1, 1, 1, 913, -1, 0),
(14975, '浙江省慈溪市', '郑某某', 0, '2002', 1, 1, 1, 913, 512, 0),
(14976, '江苏省丹阳市', '吴某某', 1, '2002', 1, 1, 1, 913, -1, 0),
(14979, '浙江省宁波市', '杨某某', 1, '2002', 1, 1, 1, 913, -1, 0),
(14980, '浙江省宁波市', '许某某', 0, '2002', 1, 1, 1, 913, -1, 0),
(14981, '浙江省宁波市', '毛某某', 1, '2001', 1, 1, 1, 913, -1, 0),
(14982, '浙江省宁波市', '葛某某', 0, '2001', 1, 1, 1, 913, -1, 0),
(14983, '浙江省宁波市', '伍某某', 0, '2001', 1, 1, 1, 913, -1, 0),
(14984, '河南省荥阳市', '闫某某', 0, '2002', 1, 1, 1, 913, 508, 0),
(14985, '吉林省扶余市', '邢某某', 0, '2002', 1, 1, 2, 913, -1, 0),
(14986, '浙江省宁海市', '冯某某', 1, '2001', 1, 1, 1, 913, -1, 0),
(14987, '浙江省鄞州市', '童某某', 1, '2002', 1, 1, 1, 913, -1, 0),
(14988, '江苏省无锡市', '虞某某', 1, '2002', 1, 1, 1, 913, -1, 0),
(14989, '浙江省杭州市', '屠某某', 0, '2001', 1, 1, 1, 913, -1, 0),
(14990, '浙江省江山市', '姜某某', 0, '2002', 1, 1, 1, 913, -1, 0),
(14991, '浙江省奉化市', '郑某某', 1, '2002', 1, 1, 1, 913, -1, 0),
(14992, '浙江省宁波市', '滕某某', 1, '2002', 1, 1, 1, 913, -1, 0),
(14993, '浙江省慈溪市', '庄某某', 0, '2002', 1, 1, 2, 913, 512, 0),
(14994, '浙江省宁波市', '王某某', 1, '2001', 1, 1, 1, 913, -1, 0),
(14995, '浙江省宁波市', '傅某某', 0, '2001', 1, 1, 1, 913, 511, 0),
(14996, '浙江省象山市', '陈某某', 1, '2001', 1, 1, 1, 913, -1, 0),
(14998, '浙江省宁波市', '邹某某', 0, '2002', 1, 1, 3, 913, -1, 0),
(14999, '浙江省宁波市', '王某某', 1, '2001', 1, 1, 1, 913, -1, 0),
(15000, '浙江省宁波市', '王某某', 1, '2002', 1, 1, 1, 913, -1, 0),
(15001, '浙江省温州市', '张某某', 0, '2002', 1, 1, 1, 913, 511, 0),
(15002, '江西省新余市', '习某某', 1, '2002', 1, 1, 2, 906, -1, 0),
(15457, '浙江省宁波市', '鲍某某', 1, '2004', 1, 1, 1, 936, -1, 0),
(15458, '浙江省宁波市', '鲍某某', 1, '2003', 1, 1, 1, 938, -1, 0),
(15459, '浙江省宁波市', '卞某某', 1, '2003', 1, 1, 2, 934, -1, 0),
(15460, '浙江省宁波市', '蔡某某', 1, '2002', 1, 1, 1, 939, -1, 0),
(15461, '浙江省宁波市', '蔡某某', 1, '2003', 1, 1, 1, 938, -1, 0),
(15462, '山东省聊城市', '曹某某', 1, '2003', 1, 1, 1, 938, -1, 0),
(15463, '浙江省诸暨市', '陈某某', 0, '2003', 1, 1, 1, 935, -1, 0),
(15464, '浙江省宁波市', '陈某某', 1, '2003', 1, 1, 1, 936, 504, 0),
(15465, '浙江省宁波市', '陈某某', 0, '2003', 1, 1, 1, 937, -1, 0),
(15466, '浙江省宁波市', '陈某某', 0, '2002', 1, 1, 1, 938, 419, 0),
(15467, '浙江省宁波市', '陈某某', 1, '2003', 1, 1, 1, 939, -1, 0),
(15468, '浙江省宁波市', '陈某某', 1, '2002', 1, 1, 1, 938, 510, 0),
(15469, '浙江省宁波市', '陈某某', 0, '2003', 1, 1, 1, 937, 417, 0),
(15470, '浙江省宁波市', '陈某某', 0, '2003', 1, 1, 1, 939, -1, 0),
(15471, '浙江省金华市', '陈某某', 1, '2003', 1, 1, 1, 934, -1, 0),
(15472, '浙江省宁波市', '陈某某', 0, '2003', 1, 1, 3, 934, 403, 0),
(15473, '浙江省宁波市', '陈某某', 0, '2003', 1, 1, 1, 935, -1, 0),
(15474, '浙江省台州市', '陈某某', 1, '2003', 1, 1, 1, 935, 514, 0),
(15475, '浙江省绍兴市', '单某某', 1, '2003', 1, 1, 1, 934, -1, 0),
(15477, '甘肃省武威市', '董某某', 0, '2002', 1, 1, 1, 936, 411, 0),
(15478, '浙江省宁波市', '樊某某', 0, '2002', 1, 1, 2, 936, -1, 0),
(15479, '浙江省台州市', '范某某', 1, '2002', 1, 1, 1, 938, -1, 0),
(15480, '安徽省合肥市', '范某某', 1, '2003', 1, 1, 1, 939, -1, 0),
(15481, '湖南省岳阳市', '方某某', 1, '2002', 1, 1, 1, 934, -1, 0),
(15482, '浙江省宁波市', '方某某', 1, '2002', 1, 1, 1, 936, -1, 0),
(15483, '浙江省宁波市', '冯某某', 1, '2002', 1, 1, 1, 934, 505, 0),
(15484, '浙江省宁波市', '符某某', 0, '2003', 1, 1, 1, 938, -1, 0),
(15485, '浙江省宁波市', '傅某某', 1, '2002', 1, 1, 1, 936, -1, 0);
INSERT INTO `student_info` (`student_ID`, `home_address`, `student_name`, `student_sex`, `birth_year`, `nation_ID`, `type_ID`, `outlook_ID`, `class_ID`, `dorm_number`, `discouraged_sign`) VALUES
(15486, '浙江省宁波市', '葛某某', 1, '2003', 1, 1, 1, 937, -1, 0),
(15487, '浙江省宁波市', '葛某某', 1, '2003', 3, 1, 1, 935, -1, 0),
(15488, '江苏省宿迁市', '葛某某', 0, '2003', 1, 1, 1, 937, -1, 0),
(15489, '浙江省宁波市', '葛某某', 1, '2003', 1, 1, 1, 935, -1, 0),
(15490, '浙江省丽水市', '龚某某', 0, '2002', 1, 1, 1, 935, 407, 0),
(15491, '浙江省宁波市', '龚某某', 1, '2003', 1, 1, 1, 938, 513, 0),
(15492, '湖南省浏阳市', '贡某某', 0, '2003', 1, 1, 3, 936, 410, 0),
(15493, '浙江省宁波市', '谷某某', 0, '2003', 1, 1, 1, 935, -1, 0),
(15494, '浙江省宁波市', '顾某某', 1, '2003', 1, 1, 1, 938, 502, 0),
(15495, '浙江省宁波市', '郭某某', 1, '2002', 1, 1, 1, 939, -1, 0),
(15496, '浙江省宁波市', '何某某', 0, '2003', 1, 1, 1, 939, -1, 0),
(15498, '山东省济宁市', '胡某某', 1, '2004', 1, 1, 1, 936, 504, 0),
(15499, '浙江省宁波市', '胡某某', 1, '2007', 1, 1, 1, 934, -1, 0),
(15500, '浙江省宁波市', '胡某某', 0, '2003', 1, 1, 1, 936, -1, 0),
(15501, '浙江省慈溪市', '胡某某', 1, '2002', 1, 1, 1, 938, -1, 0),
(15502, '浙江省上虞市', '胡某某', 0, '2003', 1, 1, 1, 937, -1, 0),
(15504, '浙江省宁波市', '黄某某', 1, '2003', 1, 1, 1, 935, -1, 0),
(15506, '江西省永修市', '黄某某', 1, '2002', 1, 1, 1, 938, -1, 0),
(15507, '江西省上饶市', '姜某某', 0, '2003', 1, 1, 1, 934, -1, 0),
(15509, '浙江省宁波市', '蒋某某', 0, '2002', 1, 1, 1, 939, -1, 0),
(15510, '浙江省义乌市', '金某某', 1, '2003', 1, 1, 1, 935, -1, 0),
(15511, '河南省禹州市', '康某某', 0, '2002', 1, 1, 2, 935, -1, 0),
(15512, '浙江省温州市', '李某某', 0, '2002', 1, 1, 2, 938, 413, 0),
(15513, '浙江省宁波市', '李某某', 1, '2002', 1, 1, 1, 934, -1, 0),
(15514, '浙江省宁波市', '李某某', 1, '2003', 1, 1, 1, 938, 502, 0),
(15515, '浙江省临海市', '李某某', 0, '2003', 1, 1, 1, 935, 407, 0),
(15516, '四川省南充市', '梁某某', 0, '2004', 1, 1, 1, 937, 402, 0),
(15517, '浙江省宁波市', '刘某某', 1, '2002', 1, 1, 1, 936, -1, 0),
(15518, '浙江省宁波市', '刘某某', 1, '2002', 1, 1, 1, 936, -1, 0),
(15519, '浙江省宁波市', '刘某某', 0, '2003', 1, 1, 1, 934, -1, 0),
(15520, '浙江省宁波市', '刘某某', 0, '2003', 1, 1, 1, 936, 415, 0),
(15521, '浙江省东阳市', '楼某某', 0, '2003', 1, 1, 1, 936, -1, 0),
(15522, '浙江省宁波市', '陆某某', 1, '2002', 1, 1, 1, 938, -1, 0),
(15523, '浙江省宁波市', '陆某某', 1, '2002', 1, 1, 1, 939, -1, 0),
(15524, '浙江省三门市', '罗某某', 0, '2003', 1, 1, 1, 934, 408, 0),
(15525, '浙江省宁波市', '罗某某', 1, '2003', 1, 1, 1, 939, -1, 0),
(15526, '浙江省慈溪市', '罗某某', 0, '2003', 1, 1, 1, 937, -1, 0),
(15527, '浙江省宁波市', '马某某', 1, '2003', 1, 1, 1, 937, -1, 0),
(15528, '湖北省大悟市', '马某某', 0, '2003', 1, 1, 1, 934, -1, 0),
(15529, '浙江省宁波市', '马某某', 1, '2003', 1, 1, 1, 934, -1, 0),
(15530, '浙江省台州市', '毛某某', 1, '2003', 1, 1, 1, 937, -1, 0),
(15531, '浙江省奉化市', '毛某某', 0, '2002', 1, 1, 1, 938, 405, 0),
(15532, '浙江省宁波市', '毛某某', 0, '2003', 1, 1, 1, 938, -1, 0),
(15533, '浙江省宁波市', '毛某某', 1, '2003', 1, 1, 1, 935, -1, 0),
(15534, '浙江省宁波市', '毛某某', 1, '2002', 1, 1, 1, 935, -1, 0),
(15535, '江西省宜县市', '梅某某', 1, '2003', 1, 1, 2, 938, 513, 0),
(15536, '浙江省宁波市', '缪某某', 1, '2002', 1, 1, 1, 934, -1, 0),
(15537, '浙江省宁波市', '潘某某', 0, '2003', 1, 1, 1, 937, 402, 0),
(15538, '浙江省台州市', '潘某某', 1, '2003', 1, 1, 1, 937, 506, 0),
(15539, '浙江省宁波市', '潘某某', 0, '2002', 1, 1, 1, 935, -1, 0),
(15540, '浙江省宁波市', '齐某某', 1, '2002', 1, 1, 1, 935, -1, 0),
(15541, '浙江省舟山市', '邱某某', 0, '2003', 1, 1, 1, 934, 408, 0),
(15542, '安徽省桐城市', '阮某某', 1, '2003', 1, 1, 1, 935, -1, 0),
(15543, '浙江省宁波市', '邵某某', 1, '2003', 1, 1, 1, 939, -1, 0),
(15544, '浙江省宁波市', '邵某某', 1, '2003', 1, 1, 1, 938, 513, 0),
(15545, '浙江省宁波市', '邵某某', 0, '2002', 1, 1, 1, 935, 407, 0),
(15546, '浙江省宁波市', '沈某某', 1, '2003', 1, 1, 1, 934, -1, 0),
(15547, '浙江省宁波市', '沈某某', 0, '2003', 1, 1, 1, 934, -1, 0),
(15548, '浙江省宁波市', '施某某', 1, '2002', 1, 1, 1, 939, -1, 0),
(15549, '浙江省杭州市', '舒某某', 0, '2002', 1, 1, 1, 936, 411, 0),
(15550, '浙江省宁波市', '宋某某', 0, '2002', 1, 1, 1, 934, -1, 0),
(15551, '浙江省宁波市', '孙某某', 1, '2003', 1, 1, 1, 935, -1, 0),
(15552, '湖南省茶陵市', '谭某某', 0, '2003', 1, 1, 1, 936, -1, 0),
(15553, '浙江省宁波市', '汤某某', 1, '2002', 1, 1, 1, 938, -1, 0),
(15555, '浙江省宁波市', '陶某某', 0, '2002', 1, 1, 1, 938, -1, 0),
(15556, '浙江省宁波市', '陶某某', 0, '2003', 1, 1, 1, 938, 413, 0),
(15557, '浙江省宁波市', '童某某', 0, '2003', 1, 1, 2, 935, 404, 0),
(15558, '安徽省黄山市', '汪某某', 0, '2003', 1, 1, 1, 935, -1, 0),
(15560, '浙江省宁波市', '王某某', 0, '2002', 1, 1, 1, 937, -1, 0),
(15561, '浙江省宁波市', '王某某', 1, '2003', 1, 1, 1, 935, 507, 0),
(15562, '浙江省宁波市', '王某某', 0, '2002', 1, 1, 1, 937, -1, 0),
(15563, '浙江省宁波市', '王某某', 1, '2002', 1, 1, 1, 935, -1, 0),
(15564, '浙江省宁波市', '王某某', 0, '2003', 1, 1, 1, 935, -1, 0),
(15565, '浙江省余姚市', '王某某', 1, '2003', 1, 1, 1, 939, -1, 0),
(15566, '浙江省奉化市', '王某某', 0, '2002', 1, 1, 1, 934, 403, 0),
(15567, '浙江省宁波市', '王某某', 1, '2002', 1, 1, 1, 939, -1, 0),
(15568, '浙江省宁波市', '王某某', 1, '2003', 1, 1, 1, 934, -1, 0),
(15569, '浙江省宁波市', '王某某', 0, '2003', 1, 1, 1, 935, -1, 0),
(15570, '浙江省宁波市', '王某某', 1, '2003', 1, 1, 1, 937, -1, 0),
(15571, '浙江省奉化市', '王某某', 1, '2003', 1, 1, 1, 934, -1, 0),
(15572, '浙江省宁波市', '王某某', 0, '2003', 1, 1, 1, 934, 408, 0),
(15573, '江苏省南京市', '魏某某', 1, '2002', 1, 1, 1, 939, -1, 0),
(15574, '浙江省宁波市', '魏某某', 1, '2002', 1, 1, 1, 939, -1, 0),
(15575, '浙江省宁波市', '翁某某', 1, '2002', 1, 1, 1, 934, -1, 0),
(15576, '浙江省宁海市', '邬某某', 0, '2002', 1, 1, 2, 935, -1, 0),
(15577, '浙江省宁波市', '邬某某', 0, '2003', 1, 1, 1, 935, -1, 0),
(15578, '辽宁省抚顺市', '吴某某', 0, '2003', 1, 1, 1, 936, -1, 0),
(15579, '浙江省温州市', '吴某某', 1, '2003', 1, 1, 1, 938, -1, 0),
(15580, '浙江省宁波市', '吴某某', 0, '2003', 1, 1, 1, 934, 409, 0),
(15581, '浙江省宁波市', '吴某某', 0, '2002', 1, 1, 1, 935, 405, 0),
(15582, '浙江省丽水市', '吴某某', 0, '2003', 1, 1, 1, 936, -1, 0),
(15583, '浙江省宁波市', '吴某某', 1, '2003', 2, 1, 1, 934, 505, 0),
(15584, '浙江省宁波市', '吴某某', 0, '2002', 1, 1, 1, 936, -1, 0),
(15586, '浙江省台州市', '奚某某', 0, '2003', 1, 1, 1, 938, -1, 0),
(15587, '浙江省宁波市', '夏某某', 0, '2003', 1, 1, 1, 937, 406, 0),
(15588, '上海市', '谢某某', 1, '2003', 1, 1, 1, 939, -1, 0),
(15589, '浙江省宁波市', '邢某某', 1, '2003', 1, 1, 1, 935, -1, 0),
(15590, '浙江省上虞市', '徐某某', 0, '2003', 1, 1, 1, 936, 415, 0),
(15591, '浙江省宁波市', '徐某某', 0, '2003', 1, 1, 1, 937, -1, 0),
(15592, '浙江省宁波市', '徐某某', 0, '2002', 1, 1, 1, 936, -1, 0),
(15593, '重庆市', '徐某某', 0, '2002', 1, 1, 1, 937, -1, 0),
(15594, '浙江省宁波市', '徐某某', 0, '2003', 1, 1, 3, 935, 407, 0),
(15595, '浙江省临海市', '徐某某', 0, '2003', 1, 1, 1, 935, 404, 0),
(15596, '浙江省宁波市', '徐某某', 0, '2003', 1, 1, 1, 937, 414, 0),
(15597, '浙江省宁波市', '许某某', 0, '2002', 1, 1, 2, 934, -1, 0),
(15599, '浙江省江山市', '严某某', 0, '2002', 1, 1, 1, 938, 413, 0),
(15600, '浙江省宁波市', '严某某', 0, '2003', 1, 1, 1, 934, -1, 0),
(15601, '浙江省宁波市', '颜某某', 0, '2003', 1, 1, 1, 935, 404, 0),
(15602, '陕西省蒲城市', '杨某某', 0, '2002', 1, 1, 1, 934, -1, 0),
(15603, '浙江省宁波市', '姚某某', 0, '2003', 1, 1, 1, 935, -1, 0),
(15604, '浙江省宁波市', '叶某某', 1, '2003', 1, 1, 1, 938, 510, 0),
(15605, '浙江省宁波市', '叶某某', 0, '2002', 1, 1, 1, 934, 403, 0),
(15606, '浙江省宁波市', '叶某某', 1, '2003', 1, 1, 1, 935, -1, 0),
(15607, '浙江省宁波市', '叶某某', 0, '2003', 1, 1, 1, 937, -1, 0),
(15608, '浙江省宁波市', '叶某某', 1, '2003', 1, 1, 1, 938, -1, 0),
(15609, '浙江省宁波市', '叶某某', 1, '2002', 1, 1, 1, 939, -1, 0),
(15610, '浙江省宁波市', '易某某', 1, '2003', 1, 1, 1, 939, -1, 0),
(15611, '浙江省宁波市', '殷某某', 0, '2002', 1, 1, 1, 939, -1, 0),
(15612, '浙江省宁波市', '尹某某', 0, '2003', 1, 1, 1, 935, -1, 0),
(15613, '浙江省宁波市', '尤某某', 1, '2003', 1, 1, 1, 939, -1, 0),
(15614, '山东省海阳市', '于某某', 0, '2002', 1, 1, 1, 934, -1, 0),
(15615, '浙江省宁波市', '俞某某', 1, '2003', 1, 1, 1, 934, 505, 0),
(15616, '浙江省宁波市', '俞某某', 0, '2003', 1, 1, 1, 935, -1, 0),
(15617, '浙江省宁波市', '俞某某', 1, '2003', 1, 1, 1, 937, -1, 0),
(15618, '浙江省宁波市', '俞某某', 1, '2003', 1, 1, 1, 934, 509, 0),
(15620, '浙江省宁波市', '郁某某', 0, '2002', 1, 1, 1, 934, -1, 0),
(15621, '江苏省兴化市', '袁某某', 1, '2003', 1, 1, 1, 938, -1, 0),
(15623, '浙江省宁波市', '张某某', 1, '2003', 1, 1, 1, 939, -1, 0),
(15624, '浙江省宁波市', '张某某', 0, '2002', 1, 1, 1, 936, 410, 0),
(15625, '浙江省杭州市', '张某某', 1, '2003', 1, 1, 1, 934, -1, 0),
(15626, '浙江省宁海市', '张某某', 1, '2002', 1, 1, 1, 934, -1, 0),
(15627, '浙江省宁波市', '张某某', 0, '2003', 1, 1, 1, 935, -1, 0),
(15628, '浙江省宁波市', '张某某', 0, '2003', 1, 1, 1, 934, 408, 0),
(15629, '浙江省宁波市', '张某某', 1, '2002', 1, 1, 1, 937, -1, 0),
(15630, '浙江省绍兴市', '张某某', 1, '2003', 1, 1, 1, 935, -1, 0),
(15631, '安徽省铜陵市', '章某某', 0, '2003', 1, 1, 1, 934, 403, 0),
(15632, '浙江省奉化市', '赵某某', 0, '2002', 1, 1, 1, 934, -1, 0),
(15633, '山东省济南市', '赵某某', 0, '2003', 1, 1, 1, 934, -1, 0),
(15634, '浙江省杭州市', '郑某某', 0, '2003', 1, 1, 1, 938, 405, 0),
(15635, '浙江省宁波市', '郑某某', 0, '2003', 1, 1, 1, 935, -1, 0),
(15636, '浙江省宁波市', '郑某某', 1, '2003', 1, 1, 1, 939, -1, 0),
(15637, '浙江省宁波市', '周某某', 0, '2003', 1, 1, 1, 936, 409, 0),
(15638, '黑龙江省哈尔滨市', '周某某', 0, '2002', 1, 1, 3, 936, 410, 0),
(15639, '浙江省宁波市', '周某某', 1, '2002', 1, 1, 1, 938, 513, 0),
(15640, '浙江省宁波市', '周某某', 1, '2002', 1, 1, 1, 939, -1, 0),
(15641, '浙江省宁波市', '周某某', 1, '2003', 1, 1, 1, 934, -1, 0),
(15642, '浙江省杭州市', '朱某某', 0, '2003', 1, 1, 1, 936, 411, 0),
(15643, '浙江省宁波市', '朱某某', 1, '2003', 1, 1, 1, 935, -1, 0),
(15644, '浙江省金华市', '朱某某', 1, '2003', 1, 1, 1, 935, -1, 0),
(15645, '浙江省奉化市', '竺某某', 0, '2002', 1, 1, 1, 934, -1, 0),
(15646, '浙江省余姚市', '鲍某某', 0, '2003', 1, 1, 1, 928, 316, 0),
(15647, '浙江省宁波市', '毕某某', 1, '2003', 1, 1, 1, 927, -1, 0),
(15648, '浙江省宁波市', '毕某某', 0, '2003', 1, 1, 1, 926, 301, 0),
(15649, '浙江省宁波市', '蔡某某', 0, '2003', 1, 1, 1, 929, 323, 0),
(15650, '浙江省宁波市', '蔡某某', 0, '2003', 1, 1, 1, 931, 407, 0),
(15651, '浙江省宁波市', '曹某某', 0, '2003', 1, 1, 1, 927, 310, 0),
(15652, '浙江省宁波市', '岑某某', 0, '2003', 1, 1, 1, 929, 323, 0),
(15653, '浙江省宁波市', '柴某某', 0, '2003', 1, 1, 1, 929, 323, 0),
(15654, '浙江省台州市', '陈某某', 0, '2003', 1, 1, 1, 927, 311, 0),
(15655, '浙江省温州市', '陈某某', 0, '2003', 1, 1, 1, 930, 401, 0),
(15656, '浙江省义乌市', '陈某某', 0, '2003', 1, 1, 1, 926, 301, 0),
(15657, '浙江省绍兴市', '陈某某', 0, '2003', 1, 1, 2, 933, -1, 0),
(15659, '浙江省宁波市', '陈某某', 1, '2002', 1, 1, 1, 930, -1, 0),
(15660, '安徽省六安市', '陈某某', 1, '2002', 1, 1, 1, 929, 210, 0),
(15661, '浙江省宁波市', '陈某某', 0, '2003', 1, 1, 1, 927, 310, 0),
(15662, '浙江省宁波市', '陈某某', 0, '2003', 1, 1, 1, 933, -1, 0),
(15663, '浙江省东阳市', '陈某某', 1, '2003', 1, 1, 1, 928, 206, 0),
(15664, '浙江省宁波市', '陈某某', 1, '2003', 1, 1, 1, 931, 221, 0),
(15665, '浙江省杭州市', '陈某某', 0, '2002', 1, 1, 2, 928, -1, 0),
(15666, '浙江省宁波市', '陈某某', 1, '2003', 1, 1, 1, 932, -1, 0),
(15668, '浙江省宁波市', '陈某某', 1, '2002', 1, 1, 1, 933, 301, 0),
(15669, '浙江省宁波市', '陈某某', 1, '2003', 1, 1, 1, 933, -1, 0),
(15670, '浙江省宁波市', '陈某某', 0, '2003', 1, 1, 1, 927, 314, 0),
(15671, '浙江省宁波市', '崔某某', 0, '2002', 1, 1, 1, 929, -1, 0),
(15672, '浙江省台州市', '丁某某', 0, '2002', 1, 1, 4, 928, 316, 0),
(15673, '浙江省宁波市', '丁某某', 0, '2003', 1, 1, 1, 927, 310, 0),
(15675, '浙江省宁波市', '丁某某', 1, '2003', 1, 1, 1, 929, 210, 0),
(15676, '浙江省宁波市', '丁某某', 0, '2002', 1, 1, 1, 931, 407, 0),
(15677, '四川省永川市', '董某某', 0, '2003', 4, 1, 1, 926, 301, 0),
(15678, '浙江省象山市', '董某某', 0, '2002', 5, 1, 1, 931, 407, 0),
(15679, '浙江省奉化市', '董某某', 0, '2002', 1, 1, 1, 932, 411, 0),
(15680, '浙江省绍兴市', '杜某某', 0, '2002', 1, 1, 1, 929, 325, 0),
(15681, '浙江省绍兴市', '杜某某', 1, '2002', 1, 1, 1, 932, 224, 0),
(15682, '浙江省台州市', '方某某', 0, '2002', 1, 1, 1, 928, 316, 0),
(15683, '浙江省宁波市', '冯某某', 0, '2002', 1, 1, 1, 927, 310, 0),
(15684, '浙江省宁波市', '傅某某', 1, '2003', 1, 1, 1, 933, -1, 0),
(15685, '浙江省宁波市', '傅某某', 0, '2002', 1, 1, 1, 931, 408, 0),
(15687, '浙江省宁波市', '高某某', 0, '2003', 1, 1, 1, 932, 417, 0),
(15688, '江西省临川市', '戈某某', 1, '2003', 1, 1, 1, 933, 306, 0),
(15689, '浙江省宁波市', '葛某某', 0, '2003', 1, 1, 1, 929, 324, 0),
(15690, '浙江省宁波市', '龚某某', 1, '2002', 1, 1, 1, 927, -1, 0),
(15691, '浙江省宁波市', '巩某某', 1, '2003', 1, 1, 1, 930, 214, 0),
(15692, '浙江省宁波市', '何某某', 0, '2002', 1, 1, 1, 926, 307, 0),
(15693, '浙江省宁波市', '贺某某', 0, '2003', 1, 1, 1, 932, 411, 0),
(15694, '浙江省宁波市', '贺某某', 0, '2002', 1, 1, 1, 932, 414, 0),
(15696, '浙江省宁波市', '胡某某', 1, '2002', 1, 1, 1, 932, 224, 0),
(15697, '江西省吉安市', '胡某某', 0, '2003', 1, 1, 1, 926, 303, 0),
(15699, '浙江省宁波市', '胡某某', 1, '2002', 1, 1, 1, 929, 212, 0),
(15700, '浙江省宁波市', '胡某某', 1, '2002', 1, 1, 1, 929, 210, 0),
(15701, '浙江省宁波市', '华某某', 1, '2002', 1, 1, 1, 933, -1, 0),
(15702, '浙江省宁波市', '黄某某', 1, '2003', 1, 1, 1, 930, 214, 0),
(15703, '浙江省宁波市', '黄某某', 1, '2002', 1, 1, 1, 927, -1, 0),
(15704, '浙江省慈溪市', '黄某某', 1, '2003', 1, 1, 1, 931, 221, 0),
(15705, '浙江省嵊州市', '黄某某', 0, '2003', 1, 1, 1, 927, -1, 0),
(15706, '浙江省宁波市', '黄某某', 0, '2003', 1, 1, 1, 926, 303, 0),
(15707, '浙江省宁波市', '黄某某', 0, '2002', 1, 1, 1, 933, 419, 0),
(15708, '浙江省宁波市', '黄某某', 0, '2003', 1, 1, 1, 928, 317, 0),
(15709, '陕西省渭南市', '江某某', 1, '2003', 1, 1, 1, 926, 201, 0),
(15710, '浙江省宁波市', '姜某某', 1, '2002', 1, 1, 1, 933, 301, 0),
(15711, '浙江省宁波市', '姜某某', 0, '2002', 1, 1, 1, 927, -1, 0),
(15712, '浙江省宁波市', '蒋某某', 0, '2003', 1, 1, 1, 927, -1, 0),
(15713, '浙江省宁波市', '焦某某', 1, '2003', 1, 1, 3, 928, 209, 0),
(15714, '浙江省宁波市', '金某某', 1, '2003', 1, 1, 1, 926, -1, 0),
(15715, '浙江省宁波市', '柯某某', 0, '2002', 1, 1, 1, 928, -1, 0),
(15716, '浙江省象山市', '赖某某', 0, '2002', 1, 1, 1, 926, 303, 0),
(15717, '浙江省宁波市', '乐某某', 0, '2002', 1, 1, 1, 926, -1, 0),
(15720, '浙江省余姚市', '李某某', 1, '2002', 1, 1, 1, 930, 215, 0),
(15721, '浙江省宁海市', '李某某', 1, '2003', 1, 1, 1, 933, 309, 0),
(15722, '浙江省舟山市', '李某某', 0, '2002', 1, 1, 1, 926, 303, 0),
(15723, '湖北省石首市', '李某某', 0, '2003', 1, 1, 1, 933, 419, 0),
(15724, '福建省宁德市', '李某某', 0, '2003', 1, 1, 3, 927, 311, 0),
(15725, '山东省蒙阴市', '李某某', 1, '2003', 1, 1, 1, 933, 306, 0),
(15729, '浙江省宁波市', '李某某', 0, '2003', 1, 1, 1, 932, 414, 0),
(15730, '浙江省杭州市', '练某某', 0, '2002', 1, 1, 1, 933, 419, 0),
(15731, '浙江省台州市', '梁某某', 0, '2002', 1, 1, 1, 929, 325, 0),
(15732, '江西省宜春市', '梁某某', 1, '2002', 1, 1, 1, 933, 309, 0),
(15733, '浙江省宁波市', '林某某', 0, '2002', 1, 1, 1, 932, 414, 0),
(15734, '浙江省宁波市', '林某某', 0, '2002', 1, 1, 1, 931, 407, 0),
(15735, '浙江省宁波市', '林某某', 1, '2003', 1, 1, 1, 930, 215, 0),
(15737, '浙江省宁波市', '林某某', 1, '2002', 1, 1, 1, 926, -1, 0),
(15738, '浙江省金华市', '刘某某', 1, '2002', 1, 1, 1, 933, 309, 0),
(15739, '浙江省宁波市', '刘某某', 1, '2002', 1, 1, 1, 926, -1, 0),
(15740, '浙江省宁波市', '刘某某', 0, '2002', 1, 1, 1, 931, -1, 0),
(15741, '江苏省赣榆市', '刘某某', 0, '2002', 1, 1, 2, 927, -1, 0),
(15742, '浙江省宁波市', '刘某某', 1, '2002', 1, 1, 1, 928, -1, 0),
(15743, '浙江省天台市', '刘某某', 0, '2002', 1, 1, 1, 926, 305, 0),
(15744, '浙江省宁波市', '刘某某', 1, '2003', 1, 1, 1, 932, 227, 0),
(15745, '江西省樟树市', '刘某某', 0, '2003', 1, 1, 1, 927, 311, 0),
(15746, '浙江省宁波市', '刘某某', 0, '2002', 1, 1, 1, 928, 317, 0),
(15747, '浙江省宁波市', '鲁某某', 0, '2002', 1, 1, 1, 931, 408, 0),
(15749, '浙江省宁波市', '陆某某', 0, '2002', 1, 1, 1, 929, 326, 0),
(15750, '浙江省宁波市', '陆某某', 1, '2003', 1, 1, 1, 928, 209, 0),
(15751, '浙江省余姚市', '罗某某', 0, '2003', 1, 1, 1, 930, 401, 0),
(15752, '浙江省宁海市', '骆某某', 1, '2002', 1, 1, 1, 928, 207, 0),
(15753, '浙江省宁波市', '麻某某', 1, '2003', 1, 1, 1, 933, 303, 0),
(15756, '浙江省宁波市', '毛某某', 0, '2003', 1, 1, 1, 926, 305, 0),
(15757, '浙江省宁波市', '毛某某', 1, '2003', 1, 1, 1, 932, 229, 0),
(15758, '浙江省宁波市', '毛某某', 0, '2003', 1, 1, 1, 926, 309, 0),
(15759, '浙江省宁波市', '孟某某', 0, '2003', 1, 1, 1, 927, 312, 0),
(15760, '浙江省宁波市', '穆某某', 1, '2003', 1, 1, 1, 933, 306, 0),
(15761, '浙江省宁波市', '欧某某', 0, '2003', 1, 1, 1, 931, 409, 0),
(15762, '浙江省宁波市', '潘某某', 0, '2003', 1, 1, 1, 926, 305, 0),
(15763, '浙江省宁波市', '钱某某', 0, '2003', 1, 1, 1, 929, 326, 0),
(15764, '浙江省宁波市', '钱某某', 0, '2003', 1, 1, 1, 930, 403, 0),
(15765, '浙江省宁波市', '邱某某', 0, '2002', 1, 1, 1, 927, 314, 0),
(15766, '浙江省宁波市', '邱某某', 0, '2003', 1, 1, 1, 932, -1, 0),
(15767, '浙江省奉化市', '裘某某', 0, '2002', 1, 1, 1, 926, 305, 0),
(15768, '浙江省宁波市', '裘某某', 0, '2002', 1, 1, 1, 932, 416, 0),
(15769, '安徽省界首市', '任某某', 0, '2002', 1, 1, 1, 926, 306, 0),
(15770, '浙江省宁波市', '邵某某', 0, '2003', 1, 1, 5, 928, -1, 0),
(15771, '浙江省宁波市', '邵某某', 1, '2003', 1, 1, 1, 932, 226, 0),
(15772, '浙江省宁波市', '邵某某', 0, '2003', 1, 1, 1, 931, 408, 0),
(15773, '浙江省宁波市', '沈某某', 0, '2003', 1, 1, 1, 926, 306, 0),
(15774, '浙江省宁波市', '盛某某', 0, '2002', 1, 1, 1, 928, 322, 0),
(15775, '浙江省宁波市', '施某某', 0, '2003', 1, 1, 1, 928, 321, 0),
(15776, '浙江省宁波市', '施某某', 0, '2003', 1, 1, 2, 932, 416, 0),
(15777, '浙江省宁波市', '石某某', 1, '2003', 1, 1, 1, 932, -1, 0),
(15778, '浙江省宁波市', '史某某', 1, '2002', 1, 1, 1, 932, 226, 0),
(15779, '浙江省宁波市', '史某某', 0, '2002', 1, 1, 1, 933, 419, 0),
(15780, '浙江省余姚市', '史某某', 0, '2003', 1, 1, 1, 933, 421, 0),
(15781, '浙江省宁波市', '史某某', 0, '2003', 1, 1, 1, 927, 311, 0),
(15782, '江苏省泰兴市', '史某某', 1, '2003', 1, 1, 1, 931, 222, 0),
(15783, '浙江省宁波市', '斯某某', 0, '2002', 1, 1, 1, 933, 421, 0),
(15784, '浙江省宁波市', '宋某某', 0, '2002', 1, 1, 1, 926, 308, 0),
(15785, '浙江省宁波市', '孙某某', 1, '2002', 1, 1, 1, 932, 226, 0),
(15786, '浙江省宁波市', '唐某某', 0, '2003', 1, 1, 1, 931, 408, 0),
(15787, '浙江省金华市', '陶某某', 0, '2003', 1, 1, 1, 929, 326, 0),
(15788, '浙江省宁波市', '陶某某', 0, '2002', 1, 1, 1, 926, 305, 0),
(15789, '江苏省南通市', '陶某某', 1, '2003', 1, 1, 1, 927, 205, 0),
(15790, '浙江省宁波市', '童某某', 1, '2003', 1, 1, 1, 929, 211, 0),
(15791, '浙江省宁波市', '童某某', 0, '2002', 1, 1, 1, 930, 405, 0),
(15792, '浙江省湖州市', '童某某', 0, '2003', 1, 1, 1, 927, 312, 0),
(15793, '浙江省宁波市', '汪某某', 0, '2003', 1, 1, 1, 931, 410, 0),
(15794, '浙江省宁波市', '汪某某', 1, '2003', 1, 1, 1, 930, -1, 0),
(15795, '浙江省宁波市', '汪某某', 0, '2003', 1, 1, 1, 928, 317, 0),
(15796, '江西省波阳市', '汪某某', 1, '2002', 1, 1, 1, 929, 212, 0),
(15797, '浙江省杭州市', '汪某某', 0, '2002', 1, 1, 1, 930, 406, 0),
(15798, '浙江省宁波市', '王某某', 0, '2003', 1, 1, 1, 927, 314, 0),
(15799, '浙江省台州市', '王某某', 1, '2003', 1, 1, 1, 930, 215, 0),
(15800, '浙江省台州市', '王某某', 1, '2003', 1, 1, 1, 926, -1, 0),
(15801, '浙江省宁波市', '王某某', 1, '2002', 1, 1, 1, 930, -1, 0),
(15802, '浙江省宁波市', '王某某', 0, '2003', 1, 1, 1, 931, 409, 0),
(15803, '浙江省宁波市', '王某某', 1, '2002', 1, 1, 1, 928, 207, 0),
(15804, '浙江省宁波市', '王某某', 1, '2003', 1, 1, 1, 926, 201, 0),
(15805, '浙江省宁波市', '王某某', 0, '2003', 1, 1, 1, 926, 306, 0),
(15806, '浙江省台州市', '王某某', 1, '2002', 1, 1, 1, 929, 211, 0),
(15807, '河北省唐山市', '韦某某', 1, '2003', 1, 1, 1, 932, 227, 0),
(15808, '浙江省余姚市', '翁某某', 1, '2003', 1, 1, 1, 926, 201, 0),
(15809, '浙江省宁波市', '邬某某', 0, '2002', 1, 1, 1, 927, 310, 0),
(15810, '浙江省宁波市', '邬某某', 0, '2002', 1, 1, 1, 928, 317, 0),
(15811, '浙江省庆元市', '吴某某', 0, '2003', 1, 1, 1, 927, 312, 0),
(15812, '浙江省宁波市', '吴某某', 0, '2003', 1, 1, 1, 928, 322, 0),
(15813, '浙江省宁波市', '吴某某', 0, '2003', 1, 1, 1, 926, 309, 0),
(15814, '浙江省宁波市', '夏某某', 1, '2003', 1, 1, 1, 926, 201, 0),
(15815, '浙江省宁波市', '夏某某', 0, '2003', 1, 1, 1, 930, 405, 0),
(15816, '浙江省余姚市', '项某某', 0, '2002', 1, 1, 1, 932, 416, 0),
(15817, '浙江省宁波市', '谢某某', 1, '2003', 1, 1, 1, 930, 216, 0),
(15818, '浙江省衢州市', '谢某某', 1, '2003', 1, 1, 1, 932, 227, 0),
(15819, '浙江省宁波市', '谢某某', 0, '2002', 1, 1, 1, 931, 409, 0),
(15820, '浙江省宁波市', '徐某某', 0, '2003', 1, 1, 1, 927, -1, 0),
(15821, '浙江省宁波市', '徐某某', 1, '2003', 1, 1, 1, 933, 303, 0),
(15822, '江苏省昆山市', '徐某某', 1, '2002', 1, 1, 1, 928, 209, 0),
(15825, '浙江省宁波市', '徐某某', 0, '2003', 1, 1, 1, 933, 423, 0),
(15826, '浙江省宁波市', '徐某某', 1, '2002', 1, 1, 1, 926, -1, 0),
(15827, '浙江省宁波市', '徐某某', 1, '2002', 1, 1, 1, 932, 227, 0),
(15828, '浙江省宁波市', '徐某某', 0, '2003', 1, 1, 1, 927, -1, 0),
(15829, '浙江省浦江市', '薛某某', 0, '2002', 1, 1, 1, 928, -1, 0),
(15830, '浙江省宁波市', '颜某某', 0, '2003', 1, 1, 1, 928, 319, 0),
(15831, '浙江省永康市', '杨某某', 0, '2002', 1, 1, 1, 927, 313, 0),
(15832, '浙江省宁波市', '杨某某', 0, '2003', 1, 1, 1, 928, 321, 0),
(15833, '安徽省池州市', '杨某某', 1, '2003', 1, 1, 1, 929, 213, 0),
(15834, '浙江省宁波市', '杨某某', 0, '2002', 1, 1, 1, 931, 409, 0),
(15836, '浙江省宁波市', '叶某某', 0, '2003', 1, 1, 1, 931, 409, 0),
(15837, '浙江省宁波市', '叶某某', 0, '2002', 1, 1, 1, 926, 307, 0),
(15839, '甘肃省张掖市', '易某某', 0, '2003', 1, 1, 1, 926, 307, 0),
(15840, '浙江省宁波市', '应某某', 0, '2002', 1, 1, 1, 927, 314, 0),
(15841, '浙江省兰溪市', '应某某', 0, '2002', 1, 1, 1, 927, -1, 0),
(15842, '浙江省宁波市', '余某某', 0, '2002', 1, 1, 1, 931, 410, 0),
(15843, '浙江省宁波市', '余某某', 1, '2003', 1, 1, 1, 929, 213, 0),
(15844, '浙江省宁波市', '余某某', 1, '2003', 1, 1, 2, 932, -1, 0),
(15845, '浙江省宁波市', '余某某', 1, '2003', 1, 1, 3, 927, -1, 0),
(15846, '浙江省舟山市', '俞某某', 0, '2003', 1, 1, 1, 930, -1, 0),
(15847, '浙江省宁波市', '俞某某', 0, '2003', 1, 1, 1, 929, 326, 0),
(15848, '浙江省宁波市', '俞某某', 1, '2002', 1, 1, 1, 932, -1, 0),
(15849, '浙江省宁波市', '俞某某', 0, '2003', 1, 1, 1, 926, 307, 0),
(15850, '浙江省宁波市', '俞某某', 1, '2003', 1, 1, 1, 933, -1, 0),
(15851, '浙江省宁波市', '虞某某', 0, '2003', 1, 1, 1, 929, 327, 0),
(15852, '浙江省慈溪市', '虞某某', 0, '2003', 1, 1, 1, 931, 410, 0),
(15853, '浙江省宁波市', '虞某某', 1, '2002', 1, 1, 1, 928, 207, 0),
(15854, '浙江省宁波市', '袁某某', 0, '2003', 1, 1, 2, 927, 313, 0),
(15855, '浙江省宁波市', '袁某某', 1, '2003', 1, 1, 1, 933, 309, 0),
(15856, '浙江省宁波市', '张某某', 0, '2003', 1, 1, 1, 930, 406, 0),
(15857, '浙江省舟山市', '张某某', 0, '2003', 1, 1, 1, 928, 319, 0),
(15858, '浙江省宁波市', '张某某', 1, '2002', 1, 1, 1, 927, 205, 0),
(15859, '浙江省宁波市', '张某某', 0, '2002', 1, 1, 1, 926, -1, 0),
(15860, '浙江省宁波市', '张某某', 0, '2003', 1, 1, 1, 931, 410, 0),
(15862, '浙江省金华市', '张某某', 1, '2003', 1, 1, 1, 929, 213, 0),
(15863, '浙江省宁波市', '张某某', 0, '2003', 1, 1, 1, 928, 319, 0),
(15864, '浙江省东阳市', '张某某', 1, '2003', 1, 1, 1, 928, 208, 0),
(15865, '浙江省宁波市', '张某某', 1, '2003', 1, 1, 1, 930, 215, 0),
(15866, '浙江省宁波市', '张某某', 1, '2002', 1, 1, 1, 933, 304, 0),
(15867, '浙江省宁波市', '张某某', 0, '2003', 1, 1, 1, 929, 327, 0),
(15868, '浙江省慈溪市', '张某某', 1, '2002', 1, 1, 1, 930, -1, 0),
(15869, '重庆市', '张某某', 1, '2003', 1, 1, 1, 933, 304, 0),
(15870, '浙江省宁波市', '张某某', 0, '2003', 1, 1, 2, 933, 423, 0),
(15871, '浙江省宁波市', '章某某', 0, '2002', 1, 1, 1, 929, -1, 0),
(15872, '浙江省宁波市', '赵某某', 0, '2002', 1, 1, 1, 932, 417, 0),
(15873, '浙江省诸暨市', '赵某某', 1, '2002', 1, 1, 1, 930, 216, 0),
(15874, '浙江省宁波市', '赵某某', 0, '2002', 1, 1, 1, 932, 417, 0),
(15875, '浙江省衢州市', '赵某某', 0, '2003', 1, 1, 1, 926, 308, 0),
(15876, '浙江省宁波市', '郑某某', 1, '2003', 1, 1, 1, 927, -1, 0),
(15877, '浙江省宁波市', '郑某某', 1, '2002', 1, 1, 1, 928, 208, 0),
(15878, '浙江省宁波市', '郑某某', 0, '2002', 1, 1, 1, 926, 309, 0),
(15879, '浙江省宁波市', '郑某某', 1, '2002', 1, 1, 1, 933, 304, 0),
(15880, '浙江省宁波市', '郑某某', 0, '2003', 1, 1, 1, 927, -1, 0),
(15883, '浙江省宁波市', '周某某', 1, '2003', 1, 1, 1, 933, -1, 0),
(15884, '浙江省宁波市', '周某某', 0, '2003', 1, 1, 1, 927, 314, 0),
(15885, '浙江省宁波市', '周某某', 1, '2003', 1, 1, 1, 933, 304, 0),
(15886, '浙江省宁波市', '周某某', 1, '2003', 1, 1, 1, 932, 229, 0),
(15887, '浙江省绍兴市', '周某某', 1, '2003', 1, 1, 2, 929, 211, 0),
(15888, '浙江省宁波市', '周某某', 0, '2002', 1, 1, 3, 926, 308, 0),
(15889, '浙江省宁波市', '周某某', 1, '2003', 1, 1, 1, 932, 229, 0),
(15890, '浙江省宁波市', '周某某', 0, '2003', 1, 1, 1, 928, 322, 0),
(15891, '浙江省宁波市', '周某某', 0, '2002', 1, 1, 1, 933, -1, 0),
(15892, '浙江省杭州市', '周某某', 1, '2003', 1, 1, 1, 928, 208, 0),
(15893, '浙江省宁波市', '朱某某', 0, '2002', 1, 1, 1, 927, 313, 0),
(15894, '浙江省宁波市', '朱某某', 0, '2003', 1, 1, 1, 929, 327, 0),
(15895, '浙江省杭州市', '朱某某', 1, '2002', 1, 1, 1, 931, 223, 0),
(15897, '浙江省宁波市', '朱某某', 0, '2002', 1, 1, 1, 927, 313, 0),
(15898, '浙江省宁波市', '竺某某', 0, '2002', 1, 1, 1, 928, 319, 0),
(15899, '浙江省慈溪市', '祝某某', 0, '2003', 1, 1, 1, 929, 327, 0),
(15900, '浙江省宁波市', '祝某某', 0, '2002', 1, 1, 1, 930, 403, 0),
(15901, '浙江省宁波市', '卓某某', 1, '2003', 1, 1, 1, 930, 216, 0),
(15902, '福建省莆田市', '卓某某', 0, '2002', 1, 1, 1, 927, -1, 0),
(15903, '浙江省湖南市', '邹某某', 0, '2003', 1, 1, 1, 927, 313, 0),
(15904, '浙江省金华市', '陈某某', 0, '2002', 1, 1, 1, 940, 215, 0),
(15905, '浙江省乐清市', '高某某', 0, '2003', 1, 1, 1, 941, 303, 0),
(15906, '浙江省兰溪市', '徐某某', 0, '2003', 1, 1, 1, 941, 303, 0),
(15907, '浙江省台州市', '徐某某', 0, '2003', 1, 1, 1, 940, 215, 0),
(15908, '浙江省宁波市', '任某某', 0, '2003', 1, 1, 1, 940, 215, 0),
(15909, '浙江省衢州市', '占某某', 0, '2003', 1, 1, 1, 941, 303, 0),
(15910, '浙江省温州市', '徐某某', 0, '2002', 1, 1, 1, 941, 303, 0),
(15911, '浙江省东阳市', '贾某某', 0, '2003', 1, 1, 1, 940, 215, 0),
(15912, '湖南省湘潭市', '李某某', 0, '2003', 1, 1, 1, 940, 215, 0),
(15913, '四川省宜宾市', '郭某某', 0, '2003', 1, 1, 1, 941, 303, 0),
(15914, '浙江省宁波市', '林某某', 0, '2002', 1, 1, 1, 941, 305, 0),
(15916, '浙江省温州市', '侯某某', 0, '2002', 1, 1, 1, 940, 216, 0),
(15917, '浙江省宁波市', '胡某某', 0, '2003', 1, 1, 1, 941, 305, 0),
(15918, '陕西省礼泉市', '骆某某', 0, '2002', 1, 1, 1, 941, 305, 0),
(15919, '浙江省余姚市', '王某某', 0, '2003', 1, 1, 1, 940, 216, 0),
(15920, '浙江省宁波市', '尤某某', 0, '2003', 1, 1, 1, 940, 216, 0),
(15921, '安徽省阜阳市', '汪某某', 0, '2003', 1, 1, 1, 941, 305, 0),
(15922, '浙江省绍兴市', '毛某某', 0, '2002', 1, 1, 1, 941, 305, 0),
(15923, '浙江省台州市', '王某某', 0, '2003', 1, 1, 3, 940, 216, 0),
(15924, '浙江省宁波市', '骆某某', 0, '2003', 1, 1, 1, 940, 217, 0),
(15925, '浙江省台州市', '陈某某', 0, '2003', 1, 1, 1, 941, 307, 0),
(15926, '浙江省宁波市', '任某某', 0, '2003', 1, 1, 2, 941, 307, 0),
(15927, '浙江省东阳市', '程某某', 0, '2003', 1, 1, 1, 940, 217, 0),
(15928, '浙江省丽水市', '涂某某', 0, '2003', 1, 1, 2, 940, 217, 0),
(15929, '浙江省宁波市', '张某某', 0, '2002', 1, 1, 1, 941, 307, 0),
(15930, '浙江省丽水市', '颜某某', 0, '2003', 1, 1, 2, 941, 307, 0),
(15931, '浙江省海盐市', '吴某某', 0, '2002', 1, 1, 1, 940, 217, 0),
(15932, '浙江省余姚市', '严某某', 0, '2003', 1, 1, 1, 940, 217, 0),
(15933, '浙江省杭州市', '姜某某', 0, '2002', 1, 1, 1, 941, 307, 0),
(15934, '浙江省东阳市', '郭某某', 0, '2003', 1, 1, 1, 941, 309, 0),
(15935, '浙江省杭州市', '翁某某', 0, '2003', 1, 1, 3, 940, 218, 0),
(15936, '浙江省金华市', '叶某某', 0, '2003', 1, 1, 1, 940, 218, 0),
(15937, '浙江省杭州市', '周某某', 0, '2003', 1, 1, 1, 941, 309, 0),
(15938, '浙江省杭州市', '励某某', 0, '2003', 1, 1, 1, 941, 309, 0),
(15940, '浙江省金华市', '周某某', 0, '2003', 1, 1, 1, 940, 218, 0),
(15941, '浙江省宁波市', '沈某某', 0, '2002', 1, 1, 1, 941, 309, 0),
(15943, '浙江省开化市', '张某某', 0, '2003', 1, 1, 1, 940, 218, 0),
(15944, '浙江省余姚市', '顾某某', 0, '2003', 1, 1, 1, 940, 219, 0),
(15945, '浙江省衢州市', '童某某', 0, '2003', 1, 1, 1, 941, 311, 0),
(15946, '浙江省宁波市', '冯某某', 0, '2002', 1, 1, 1, 941, 311, 0),
(15947, '浙江省永康市', '王某某', 0, '2002', 1, 1, 1, 940, 219, 0),
(15948, '浙江省杭州市', '黄某某', 0, '2002', 1, 1, 1, 940, 219, 0),
(15949, '浙江省杭州市', '范某某', 0, '2003', 1, 1, 2, 941, 311, 0),
(15950, '黑龙江省龙江市', '张某某', 0, '2003', 1, 1, 1, 941, 311, 0),
(15951, '浙江省奉化市', '杨某某', 0, '2002', 1, 1, 1, 940, 219, 0),
(15952, '浙江省宁波市', '何某某', 0, '2002', 1, 1, 1, 940, 219, 0),
(15953, '浙江省嘉兴市', '龚某某', 0, '2003', 1, 1, 2, 941, 311, 0),
(15954, '浙江省慈溪市', '顾某某', 0, '2003', 1, 1, 1, 941, 313, 0),
(15955, '江苏省泗阳市', '谢某某', 0, '2002', 1, 1, 1, 940, 221, 0),
(15956, '浙江省开化市', '程某某', 0, '2003', 1, 1, 1, 940, 221, 0),
(15957, '浙江省奉化市', '李某某', 0, '2002', 1, 1, 2, 941, 313, 0),
(15958, '浙江省杭州市', '吕某某', 0, '2003', 1, 1, 1, 941, 313, 0),
(15959, '浙江省安吉市', '丁某某', 0, '2003', 1, 1, 1, 940, 221, 0),
(15960, '浙江省湖州市', '顾某某', 0, '2003', 1, 1, 1, 940, 221, 0),
(15962, '浙江省金华市', '叶某某', 0, '2003', 1, 1, 1, 941, 313, 0),
(15963, '河北省邢台市', '邱某某', 0, '2001', 1, 1, 1, 940, 221, 0),
(15964, '浙江省宁波市', '周某某', 1, '2003', 1, 1, 1, 942, -1, 0),
(15966, '浙江省宁波市', '蒋某某', 1, '2003', 1, 1, 1, 942, -1, 0),
(15967, '浙江省宁波市', '楼某某', 1, '2002', 1, 1, 1, 942, -1, 0),
(15968, '浙江省宁波市', '俞某某', 0, '2003', 1, 1, 1, 942, 517, 0),
(15969, '浙江省宁波市', '吴某某', 1, '2003', 1, 1, 1, 942, -1, 0),
(15970, '甘肃省天水市', '蒲某某', 0, '2003', 1, 1, 1, 942, 519, 0),
(15971, '浙江省宁波市', '卢某某', 0, '2002', 1, 1, 1, 942, -1, 0),
(15972, '浙江省宁波市', '应某某', 0, '2003', 1, 1, 1, 942, 514, 0),
(15973, '浙江省宁波市', '叶某某', 1, '2003', 1, 1, 2, 942, -1, 0),
(15975, '浙江省象山市', '陈某某', 1, '2003', 1, 1, 1, 943, -1, 0),
(15976, '浙江省杭州市', '陈某某', 0, '2003', 1, 1, 1, 942, 515, 0),
(15977, '浙江省奉化市', '司某某', 0, '2003', 1, 1, 1, 942, 517, 0),
(15979, '浙江省宁波市', '应某某', 0, '2003', 1, 1, 1, 943, -1, 0),
(15981, '浙江省宁波市', '董某某', 0, '2003', 1, 1, 1, 942, -1, 0),
(15982, '浙江省宁波市', '潘某某', 0, '2002', 1, 1, 1, 942, -1, 0),
(15983, '浙江省宁波市', '孙某某', 0, '2002', 1, 1, 1, 942, 516, 0),
(15984, '浙江省宁波市', '尹某某', 0, '2003', 1, 1, 1, 942, 514, 0),
(15985, '浙江省宁波市', '吴某某', 1, '2003', 1, 1, 2, 942, -1, 0),
(15986, '浙江省宁波市', '蔡某某', 0, '2003', 1, 1, 2, 942, -1, 0),
(15987, '湖北省武汉市', '吴某某', 1, '2003', 1, 1, 1, 942, -1, 0),
(15988, '浙江省宁海市', '叶某某', 0, '2002', 1, 1, 2, 942, -1, 0),
(15989, '贵州省黎平市', '孟某某', 0, '2002', 2, 1, 2, 942, -1, 0),
(15990, '浙江省杭州市', '陈某某', 1, '2002', 1, 1, 1, 942, -1, 0),
(15991, '浙江省诸暨市', '毛某某', 1, '2003', 1, 1, 1, 942, -1, 0),
(15992, '浙江省宁波市', '蒋某某', 1, '2002', 1, 1, 1, 942, -1, 0),
(15993, '浙江省宁波市', '周某某', 1, '2003', 1, 1, 1, 942, -1, 0),
(15995, '浙江省宁波市', '朱某某', 0, '2003', 1, 1, 1, 943, 522, 0),
(15996, '浙江省宁波市', '宫某某', 1, '2003', 1, 1, 1, 943, -1, 0),
(15997, '浙江省嵊州市', '周某某', 0, '2003', 1, 1, 1, 943, 525, 0),
(15998, '浙江省杭州市', '潘某某', 0, '2003', 1, 1, 1, 943, 523, 0),
(15999, '浙江省宁波市', '罗某某', 0, '2003', 1, 1, 2, 942, 515, 0),
(16000, '浙江省杭州市', '戴某某', 1, '2003', 1, 1, 3, 943, -1, 0),
(16001, '浙江省宁波市', '陈某某', 0, '2003', 1, 1, 1, 943, 523, 0),
(16002, '浙江省宁波市', '辜某某', 0, '2003', 1, 1, 2, 943, 525, 0),
(16004, '江西省南丰市', '赵某某', 0, '2003', 1, 1, 2, 943, -1, 0),
(16005, '浙江省宁波市', '李某某', 0, '2002', 1, 1, 1, 943, 521, 0),
(16006, '浙江省宁波市', '王某某', 0, '2002', 1, 1, 1, 943, -1, 0),
(16007, '浙江省宁波市', '黄某某', 1, '2003', 1, 1, 1, 943, -1, 0),
(16008, '浙江省宁波市', '吴某某', 0, '2002', 1, 1, 1, 943, 522, 0),
(16009, '浙江省宁波市', '王某某', 0, '2003', 1, 1, 1, 943, 522, 0),
(16010, '浙江省宁波市', '胡某某', 0, '2002', 1, 1, 2, 942, 516, 0),
(16011, '浙江省宁波市', '田某某', 0, '2002', 1, 1, 1, 943, 521, 0),
(16012, '浙江省余姚市', '张某某', 0, '2002', 1, 1, 1, 942, 515, 0),
(16014, '浙江省宁波市', '冯某某', 0, '2002', 1, 1, 1, 943, -1, 0),
(16015, '浙江省宁波市', '陈某某', 0, '2003', 1, 1, 1, 943, 522, 0),
(16016, '浙江省宁波市', '吴某某', 1, '2003', 1, 1, 1, 943, -1, 0),
(16017, '浙江省宁波市', '马某某', 0, '2002', 1, 1, 1, 943, -1, 0),
(16020, '浙江省诸暨市', '陆某某', 0, '2003', 1, 1, 1, 943, 521, 0),
(16021, '浙江省宁波市', '邱某某', 1, '2002', 1, 1, 1, 943, -1, 0),
(16022, '浙江省宁波市', '胡某某', 0, '2003', 1, 1, 1, 943, -1, 0),
(16023, '山东省聊城市', '颜某某', 0, '2002', 1, 1, 1, 943, 521, 0),
(16025, '浙江省宁波市', '俞某某', 0, '2003', 1, 1, 1, 943, 525, 0),
(16026, '浙江省宁波市', '陈某某', 1, '2003', 1, 1, 1, 943, -1, 0),
(16027, '浙江省宁海市', '丁某某', 0, '2003', 1, 1, 1, 943, 523, 0),
(16028, '浙江省宁波市', '朱某某', 1, '2002', 1, 1, 1, 929, 213, 0),
(16029, '安徽省亳州市', '高某某', 1, '2003', 1, 1, 1, 928, 206, 0),
(16032, '浙江省宁波市', '林某某', 0, '2002', 1, 1, 1, 930, -1, 0),
(16034, '浙江省宁波市', '郑某某', 1, '2003', 1, 1, 1, 933, -1, 0),
(16035, '浙江省宁波市', '史某某', 1, '2003', 1, 1, 1, 929, 211, 0),
(16037, '浙江省宁波市', '朱某某', 0, '2003', 1, 1, 2, 931, 408, 0),
(16038, '浙江省台州市', '王某某', 0, '2003', 1, 1, 1, 930, 403, 0),
(16039, '浙江省宁波市', '周某某', 0, '2002', 1, 1, 1, 930, 406, 0),
(16040, '浙江省宁波市', '包某某', 1, '2002', 1, 1, 1, 929, 210, 0),
(16041, '浙江省宁波市', '王某某', 1, '2003', 1, 1, 1, 932, 229, 0),
(16042, '江苏省宿迁市', '苏某某', 0, '2003', 1, 1, 1, 933, 421, 0),
(16043, '浙江省宁波市', '帅某某', 1, '2003', 1, 1, 1, 931, 223, 0),
(16046, '浙江省宁波市', '陈某某', 1, '2003', 1, 1, 1, 930, 214, 0),
(16047, '浙江省宁波市', '胡某某', 1, '2002', 1, 1, 1, 931, 221, 0),
(16048, '浙江省衢州市', '胡某某', 1, '2002', 1, 1, 1, 933, 301, 0),
(16049, '浙江省宁波市', '蒋某某', 1, '2003', 1, 1, 1, 933, 301, 0),
(16051, '浙江省绍兴市', '吕某某', 0, '2003', 1, 1, 1, 930, 403, 0),
(16052, '浙江省绍兴市', '金某某', 1, '2002', 1, 1, 1, 933, 303, 0),
(16054, '湖南省娄底市', '贺某某', 0, '2003', 1, 1, 1, 929, 324, 0),
(16055, '湖北省松滋市', '张某某', 0, '2002', 1, 1, 1, 930, 405, 0),
(16056, '浙江省宁波市', '余某某', 1, '2003', 1, 1, 1, 933, 303, 0),
(16057, '浙江省宁波市', '朱某某', 0, '2002', 1, 1, 1, 931, 410, 0),
(16058, '福建省福清市', '钟某某', 1, '2002', 6, 1, 1, 931, 223, 0),
(16060, '浙江省宁波市', '李某某', 1, '2002', 1, 1, 1, 930, -1, 0),
(16061, '浙江省嘉兴市', '方某某', 0, '2002', 1, 1, 1, 929, 327, 0),
(16062, '安徽省宣城市', '吴某某', 1, '2003', 1, 1, 1, 930, -1, 0),
(16063, '江西省鄱阳市', '江某某', 1, '2003', 1, 1, 1, 932, 225, 0),
(16064, '浙江省宁波市', '严某某', 1, '2003', 1, 1, 1, 931, 223, 0),
(16067, '江苏省盐城市', '李某某', 1, '2003', 1, 1, 1, 932, 225, 0),
(16068, '湖北省天门市', '林某某', 0, '2003', 1, 1, 1, 929, 325, 0),
(16069, '浙江省宁波市', '洪某某', 1, '2002', 1, 1, 1, 931, 222, 0),
(16070, '四川省广元市', '田某某', 0, '2003', 1, 1, 1, 930, 403, 0),
(16071, '浙江省金华市', '李某某', 0, '2003', 1, 1, 1, 929, 324, 0),
(16081, '江苏省滨海市', '高某某', 1, '2003', 1, 1, 1, 938, -1, 0),
(16082, '浙江省临安市', '吴某某', 1, '2003', 1, 1, 1, 939, -1, 0),
(16083, '浙江省宁波市', '徐某某', 1, '2002', 1, 1, 1, 938, -1, 0),
(16084, '浙江省衢州市', '祝某某', 0, '2002', 1, 1, 1, 936, -1, 0),
(16085, '浙江省宁波市', '皇某某', 0, '2002', 1, 1, 1, 939, -1, 0),
(16086, '浙江省宁波市', '王某某', 0, '2002', 1, 1, 1, 939, -1, 0),
(16087, '浙江省宁波市', '余某某', 0, '2002', 1, 1, 1, 939, -1, 0),
(16089, '浙江省宁波市', '林某某', 1, '2002', 1, 1, 1, 938, -1, 0),
(16090, '浙江省宁波市', '杨某某', 1, '2002', 1, 1, 1, 939, -1, 0),
(16091, '浙江省宁波市', '陈某某', 0, '2002', 1, 1, 1, 939, -1, 0),
(16093, '浙江省宁波市', '楼某某', 0, '2002', 1, 1, 1, 937, -1, 0),
(16094, '安徽省巢湖市', '方某某', 0, '2003', 1, 1, 1, 939, -1, 0),
(16095, '浙江省宁波市', '杨某某', 0, '2003', 1, 1, 1, 936, -1, 0),
(16096, '浙江省宁波市', '赵某某', 1, '2003', 1, 1, 1, 939, -1, 0),
(16097, '浙江省宁波市', '吴某某', 0, '2003', 1, 1, 1, 936, 415, 0),
(16098, '浙江省宁波市', '周某某', 1, '2003', 1, 1, 1, 936, 504, 0),
(16099, '浙江省宁波市', '朱某某', 1, '2003', 1, 1, 1, 937, -1, 0),
(16100, '山东省潍坊市', '李某某', 1, '2003', 1, 1, 1, 938, -1, 0),
(16101, '浙江省宁波市', '冯某某', 0, '2003', 1, 1, 1, 936, -1, 0),
(16102, '浙江省宁波市', '沙某某', 0, '2003', 1, 1, 1, 937, 406, 0),
(16103, '湖南省怀化市', '邱某某', 1, '2003', 1, 1, 1, 937, -1, 0),
(16104, '浙江省宁波市', '俞某某', 0, '2003', 1, 1, 1, 939, -1, 0),
(16105, '浙江省宁波市', '顾某某', 0, '2003', 1, 1, 1, 938, -1, 0),
(16106, '浙江省宁波市', '翁某某', 1, '2003', 1, 1, 1, 938, -1, 0),
(16107, '浙江省宁波市', '张某某', 1, '2003', 1, 1, 1, 936, -1, 0),
(16108, '浙江省富阳市', '罗某某', 1, '2002', 1, 1, 2, 936, -1, 0),
(16109, '浙江省宁波市', '裘某某', 0, '2002', 1, 1, 1, 939, -1, 0),
(16110, '辽宁省大连市', '连某某', 0, '2002', 1, 1, 1, 936, 410, 0),
(16111, '浙江省宁波市', '汤某某', 1, '2002', 1, 1, 1, 939, -1, 0),
(16112, '浙江省宁波市', '徐某某', 1, '2003', 1, 1, 1, 938, 510, 0),
(16113, '浙江省宁波市', '李某某', 1, '2003', 1, 1, 1, 937, -1, 0),
(16114, '浙江省台州市', '吴某某', 0, '2003', 1, 1, 1, 937, -1, 0),
(16115, '浙江省宁海市', '陈某某', 0, '2003', 1, 1, 1, 937, 406, 0),
(16116, '浙江省宁波市', '马某某', 1, '2003', 1, 1, 1, 939, -1, 0),
(16118, '浙江省杭州市', '沈某某', 0, '2003', 1, 1, 1, 937, 406, 0),
(16120, '浙江省宁波市', '陆某某', 0, '2003', 1, 1, 1, 937, -1, 0),
(16121, '浙江省宁波市', '丁某某', 0, '2003', 1, 1, 1, 936, 415, 0),
(16122, '浙江省宁波市', '金某某', 0, '2003', 1, 1, 2, 936, 409, 0),
(16123, '浙江省宁波市', '钱某某', 0, '2002', 1, 1, 1, 937, 414, 0),
(16124, '浙江省杭州市', '虞某某', 0, '2002', 1, 1, 1, 937, 417, 0),
(16125, '浙江省宁波市', '胡某某', 0, '2003', 1, 1, 1, 936, -1, 0),
(16126, '浙江省宁波市', '陈某某', 0, '2002', 1, 1, 1, 934, -1, 0),
(16128, '浙江省宁波市', '李某某', 1, '2002', 1, 1, 1, 938, -1, 0),
(16130, '浙江省台州市', '徐某某', 1, '2002', 1, 1, 1, 937, -1, 0),
(16131, '浙江省台州市', '俞某某', 0, '2002', 1, 1, 1, 937, 402, 0),
(16133, '安徽省安庆市', '陈某某', 0, '2003', 1, 1, 1, 936, -1, 0),
(16135, '安徽省阜阳市', '王某某', 0, '2003', 1, 1, 1, 939, -1, 0),
(16136, '福建省莆田市', '林某某', 0, '2002', 1, 1, 1, 939, -1, 0),
(16137, '江西省上饶市', '龚某某', 1, '2003', 1, 1, 1, 939, -1, 0),
(16139, '河南省周口市', '刘某某', 0, '2003', 1, 1, 1, 937, 414, 0),
(16140, '湖北省京山市', '杨某某', 1, '2003', 1, 1, 1, 939, -1, 0),
(16141, '湖南省邵阳市', '陶某某', 1, '2003', 1, 1, 1, 937, 506, 0),
(16142, '四川省德阳市', '梁某某', 1, '2003', 1, 1, 1, 936, 514, 0),
(16143, '浙江省宁波市', '任某某', 1, '2003', 1, 1, 1, 939, -1, 0),
(16144, '浙江省宁波市', '屠某某', 0, '2003', 1, 1, 1, 936, 419, 0),
(16145, '浙江省宁波市', '毛某某', 1, '2002', 1, 1, 1, 939, -1, 0),
(16146, '浙江省宁波市', '陈某某', 0, '2003', 1, 1, 1, 937, -1, 0),
(16148, '浙江省宁波市', '包某某', 1, '2002', 1, 1, 1, 938, -1, 0),
(16151, '浙江省宁波市', '邓某某', 1, '2003', 1, 1, 1, 936, 504, 0),
(16152, '浙江省宁波市', '何某某', 1, '2003', 1, 1, 2, 937, -1, 0),
(16154, '浙江省宁波市', '郑某某', 0, '2003', 1, 1, 1, 936, -1, 0),
(16158, '贵州省遵义市', '李某某', 1, '2003', 1, 1, 3, 938, -1, 0),
(16160, '浙江省宁波市', '周某某', 1, '2003', 1, 1, 2, 939, -1, 0),
(16162, '浙江省宁波市', '陈某某', 0, '2001', 1, 1, 1, 938, -1, 0);

-- --------------------------------------------------------

--
-- 表的结构 `student_teacher`
--

CREATE TABLE `student_teacher` (
  `student_ID` int(11) NOT NULL COMMENT '学生ID',
  `teacher_ID` int(11) NOT NULL COMMENT '教师ID'
) ENGINE=InnoDB DEFAULT CHARSET=utf8 COMMENT='学生教师表';

--
-- 转存表中的数据 `student_teacher`
--

INSERT INTO `student_teacher` (`student_ID`, `teacher_ID`) VALUES
(13961, 12),
(13979, 12),
(13989, 12),
(13994, 12),
(14008, 12),
(14015, 12),
(14063, 12),
(14076, 12),
(14077, 12),
(14081, 12),
(14086, 12),
(14102, 12),
(14117, 12),
(14118, 12),
(14119, 12),
(14154, 12),
(14160, 12),
(14166, 12),
(14167, 12),
(14172, 12),
(14176, 12),
(14228, 12),
(14231, 12),
(14233, 12),
(14243, 12),
(14263, 12),
(14264, 12),
(14289, 12),
(14328, 12),
(14331, 12),
(14343, 12),
(14346, 12),
(14357, 12),
(14359, 12),
(14363, 12),
(14370, 12),
(14372, 12),
(13685, 14),
(13960, 14),
(13971, 14),
(13992, 14),
(13998, 14),
(14010, 14),
(14011, 14),
(14013, 14),
(14014, 14),
(14017, 14),
(14023, 14),
(14028, 14),
(14034, 14),
(14038, 14),
(14042, 14),
(14043, 14),
(14049, 14),
(14051, 14),
(14055, 14),
(14056, 14),
(14061, 14),
(14062, 14),
(14065, 14),
(14067, 14),
(14070, 14),
(14078, 14),
(14079, 14),
(14080, 14),
(14088, 14),
(14090, 14),
(14093, 14),
(14094, 14),
(14096, 14),
(14101, 14),
(14104, 14),
(14105, 14),
(14108, 14),
(14113, 14),
(14131, 14),
(14132, 14),
(14134, 14),
(14135, 14),
(14136, 14),
(14138, 14),
(14139, 14),
(14140, 14),
(14141, 14),
(14144, 14),
(14147, 14),
(14153, 14),
(14158, 14),
(14161, 14),
(14162, 14),
(14165, 14),
(14169, 14),
(14173, 14),
(14177, 14),
(14178, 14),
(14180, 14),
(14182, 14),
(14184, 14),
(14192, 14),
(14194, 14),
(14199, 14),
(14200, 14),
(14201, 14),
(14206, 14),
(14211, 14),
(14213, 14),
(14217, 14),
(14220, 14),
(14222, 14),
(14226, 14),
(14230, 14),
(14235, 14),
(14238, 14),
(14245, 14),
(14248, 14),
(14251, 14),
(14253, 14),
(14258, 14),
(14268, 14),
(14272, 14),
(14281, 14),
(14283, 14),
(14285, 14),
(14291, 14),
(14292, 14),
(14297, 14),
(14300, 14),
(14306, 14),
(14309, 14),
(14312, 14),
(14313, 14),
(14314, 14),
(14317, 14),
(14318, 14),
(14322, 14),
(14323, 14),
(14324, 14),
(14325, 14),
(14326, 14),
(14335, 14),
(14336, 14),
(14338, 14),
(14342, 14),
(14347, 14),
(14348, 14),
(14351, 14),
(14361, 14),
(14362, 14),
(14369, 14),
(14373, 14),
(14449, 14),
(14454, 14),
(14455, 14),
(14456, 14),
(14457, 14),
(14458, 14),
(14459, 14),
(14461, 14),
(14463, 14),
(14464, 14),
(14465, 14),
(14466, 14),
(14467, 14),
(14468, 14),
(14471, 14),
(14472, 14),
(14473, 14),
(14474, 14),
(14475, 14),
(14478, 14),
(14480, 14),
(14481, 14),
(14482, 14),
(14483, 14),
(14487, 14),
(14489, 14),
(14490, 14),
(14491, 14),
(14492, 14),
(14493, 14),
(14497, 14),
(14498, 14),
(14499, 14),
(14500, 14),
(14501, 14),
(14502, 14),
(14503, 14),
(14505, 14),
(14506, 14),
(14513, 14),
(14550, 14),
(14554, 14),
(14557, 14),
(14558, 14),
(14559, 14),
(14560, 14),
(14563, 14),
(14573, 14),
(14581, 14),
(14582, 14),
(14589, 14),
(14590, 14),
(14591, 14),
(14592, 14),
(14593, 14),
(14597, 14),
(14604, 14),
(14610, 14),
(14612, 14),
(14614, 14),
(14622, 14),
(14624, 14),
(14625, 14),
(14626, 14),
(14627, 14),
(14628, 14),
(14629, 14),
(14630, 14),
(14631, 14),
(14634, 14),
(14636, 14),
(14639, 14),
(14643, 14),
(14645, 14),
(14647, 14),
(14648, 14),
(14653, 14),
(14659, 14),
(14666, 14),
(14679, 14),
(14681, 14),
(14687, 14),
(14690, 14),
(14699, 14),
(14700, 14),
(14701, 14),
(14702, 14),
(14707, 14),
(14708, 14),
(14712, 14),
(14714, 14),
(14715, 14),
(14726, 14),
(14729, 14),
(14739, 14),
(14746, 14),
(14749, 14),
(14753, 14),
(14759, 14),
(14760, 14),
(14766, 14),
(14767, 14),
(14769, 14),
(14776, 14),
(14777, 14),
(14782, 14),
(14786, 14),
(14788, 14),
(14791, 14),
(14792, 14),
(14796, 14),
(14800, 14),
(14801, 14),
(14802, 14),
(14825, 14),
(14827, 14),
(14829, 14),
(14837, 14),
(14848, 14),
(14857, 14),
(14863, 14),
(14865, 14),
(14875, 14),
(14009, 26),
(14018, 26),
(14027, 26),
(14032, 26),
(14046, 26),
(14060, 26),
(14071, 26),
(14072, 26),
(14109, 26),
(14116, 26),
(14120, 26),
(14124, 26),
(14129, 26),
(14151, 26),
(14164, 26),
(14170, 26),
(14171, 26),
(14175, 26),
(14193, 26),
(14195, 26),
(14196, 26),
(14203, 26),
(14204, 26),
(14214, 26),
(14216, 26),
(14219, 26),
(14241, 26),
(14269, 26),
(14274, 26),
(14275, 26),
(14277, 26),
(14282, 26),
(14284, 26),
(14304, 26),
(14308, 26),
(14311, 26),
(14330, 26),
(14334, 26),
(14353, 26),
(14355, 26),
(14360, 26),
(14376, 26),
(14377, 26),
(15459, 45),
(15463, 45),
(15471, 45),
(15472, 45),
(15473, 45),
(15474, 45),
(15475, 45),
(15481, 45),
(15483, 45),
(15487, 45),
(15489, 45),
(15490, 45),
(15493, 45),
(15499, 45),
(15504, 45),
(15507, 45),
(15510, 45),
(15511, 45),
(15513, 45),
(15515, 45),
(15519, 45),
(15524, 45),
(15528, 45),
(15529, 45),
(15533, 45),
(15534, 45),
(15536, 45),
(15539, 45),
(15540, 45),
(15541, 45),
(15542, 45),
(15545, 45),
(15546, 45),
(15547, 45),
(15550, 45),
(15551, 45),
(15557, 45),
(15558, 45),
(15561, 45),
(15563, 45),
(15564, 45),
(15566, 45),
(15568, 45),
(15569, 45),
(15571, 45),
(15572, 45),
(15575, 45),
(15576, 45),
(15577, 45),
(15580, 45),
(15581, 45),
(15583, 45),
(15589, 45),
(15594, 45),
(15595, 45),
(15597, 45),
(15600, 45),
(15601, 45),
(15602, 45),
(15603, 45),
(15605, 45),
(15606, 45),
(15612, 45),
(15614, 45),
(15615, 45),
(15616, 45),
(15618, 45),
(15620, 45),
(15625, 45),
(15626, 45),
(15627, 45),
(15628, 45),
(15630, 45),
(15631, 45),
(15632, 45),
(15633, 45),
(15635, 45),
(15641, 45),
(15643, 45),
(15644, 45),
(15645, 45),
(16126, 45),
(15458, 46),
(15460, 46),
(15461, 46),
(15462, 46),
(15466, 46),
(15467, 46),
(15468, 46),
(15470, 46),
(15479, 46),
(15480, 46),
(15484, 46),
(15491, 46),
(15494, 46),
(15495, 46),
(15496, 46),
(15501, 46),
(15506, 46),
(15509, 46),
(15512, 46),
(15514, 46),
(15522, 46),
(15523, 46),
(15525, 46),
(15531, 46),
(15532, 46),
(15535, 46),
(15543, 46),
(15544, 46),
(15548, 46),
(15553, 46),
(15555, 46),
(15556, 46),
(15565, 46),
(15567, 46),
(15573, 46),
(15574, 46),
(15579, 46),
(15586, 46),
(15588, 46),
(15599, 46),
(15604, 46),
(15608, 46),
(15609, 46),
(15610, 46),
(15611, 46),
(15613, 46),
(15621, 46),
(15623, 46),
(15634, 46),
(15636, 46),
(15639, 46),
(15640, 46),
(16081, 46),
(16082, 46),
(16083, 46),
(16085, 46),
(16086, 46),
(16087, 46),
(16089, 46),
(16090, 46),
(16091, 46),
(16094, 46),
(16096, 46),
(16100, 46),
(16104, 46),
(16105, 46),
(16106, 46),
(16109, 46),
(16111, 46),
(16112, 46),
(16116, 46),
(16128, 46),
(16135, 46),
(16136, 46),
(16137, 46),
(16140, 46),
(16143, 46),
(16145, 46),
(16148, 46),
(16158, 46),
(16160, 46),
(16162, 46),
(15465, 49),
(15469, 49),
(15486, 49),
(15488, 49),
(15502, 49),
(15516, 49),
(15526, 49),
(15527, 49),
(15530, 49),
(15537, 49),
(15538, 49),
(15560, 49),
(15562, 49),
(15570, 49),
(15587, 49),
(15591, 49),
(15593, 49),
(15596, 49),
(15607, 49),
(15617, 49),
(15629, 49),
(16093, 49),
(16099, 49),
(16102, 49),
(16103, 49),
(16113, 49),
(16114, 49),
(16115, 49),
(16118, 49),
(16120, 49),
(16123, 49),
(16124, 49),
(16130, 49),
(16131, 49),
(16139, 49),
(16141, 49),
(16146, 49),
(16152, 49),
(15649, 50),
(15650, 50),
(15652, 50),
(15653, 50),
(15660, 50),
(15664, 50),
(15671, 50),
(15675, 50),
(15676, 50),
(15678, 50),
(15680, 50),
(15685, 50),
(15689, 50),
(15699, 50),
(15700, 50),
(15704, 50),
(15731, 50),
(15734, 50),
(15740, 50),
(15747, 50),
(15749, 50),
(15761, 50),
(15763, 50),
(15772, 50),
(15782, 50),
(15786, 50),
(15787, 50),
(15790, 50),
(15793, 50),
(15796, 50),
(15802, 50),
(15806, 50),
(15819, 50),
(15833, 50),
(15834, 50),
(15836, 50),
(15842, 50),
(15843, 50),
(15847, 50),
(15851, 50),
(15852, 50),
(15860, 50),
(15862, 50),
(15867, 50),
(15871, 50),
(15887, 50),
(15894, 50),
(15895, 50),
(15899, 50),
(16028, 50),
(16035, 50),
(16037, 50),
(16040, 50),
(16043, 50),
(16047, 50),
(16054, 50),
(16057, 50),
(16058, 50),
(16061, 50),
(16064, 50),
(16068, 50),
(16069, 50),
(16071, 50),
(14454, 51),
(14455, 51),
(14457, 51),
(14458, 51),
(14459, 51),
(14461, 51),
(14463, 51),
(14465, 51),
(14466, 51),
(14467, 51),
(14468, 51),
(14471, 51),
(14472, 51),
(14473, 51),
(14474, 51),
(14475, 51),
(14478, 51),
(14481, 51),
(14483, 51),
(14489, 51),
(14490, 51),
(14491, 51),
(14492, 51),
(14493, 51),
(14498, 51),
(14499, 51),
(14500, 51),
(14501, 51),
(14502, 51),
(14503, 51),
(14505, 51),
(14506, 51),
(13961, 52),
(13979, 52),
(13989, 52),
(13994, 52),
(14008, 52),
(14015, 52),
(14063, 52),
(14076, 52),
(14077, 52),
(14081, 52),
(14086, 52),
(14102, 52),
(14117, 52),
(14118, 52),
(14119, 52),
(14154, 52),
(14160, 52),
(14166, 52),
(14167, 52),
(14172, 52),
(14176, 52),
(14228, 52),
(14231, 52),
(14233, 52),
(14243, 52),
(14263, 52),
(14264, 52),
(14289, 52),
(14328, 52),
(14331, 52),
(14343, 52),
(14346, 52),
(14357, 52),
(14359, 52),
(14363, 52),
(14370, 52),
(14372, 52),
(13971, 53),
(14009, 53),
(14011, 53),
(14013, 53),
(14014, 53),
(14018, 53),
(14027, 53),
(14032, 53),
(14043, 53),
(14046, 53),
(14051, 53),
(14060, 53),
(14061, 53),
(14067, 53),
(14071, 53),
(14072, 53),
(14079, 53),
(14090, 53),
(14109, 53),
(14116, 53),
(14120, 53),
(14124, 53),
(14129, 53),
(14132, 53),
(14135, 53),
(14136, 53),
(14139, 53),
(14144, 53),
(14151, 53),
(14153, 53),
(14164, 53),
(14170, 53),
(14171, 53),
(14175, 53),
(14177, 53),
(14178, 53),
(14184, 53),
(14193, 53),
(14195, 53),
(14196, 53),
(14200, 53),
(14203, 53),
(14204, 53),
(14206, 53),
(14211, 53),
(14214, 53),
(14216, 53),
(14219, 53),
(14222, 53),
(14241, 53),
(14245, 53),
(14251, 53),
(14253, 53),
(14258, 53),
(14269, 53),
(14274, 53),
(14275, 53),
(14277, 53),
(14281, 53),
(14282, 53),
(14284, 53),
(14291, 53),
(14297, 53),
(14304, 53),
(14308, 53),
(14311, 53),
(14313, 53),
(14324, 53),
(14326, 53),
(14330, 53),
(14334, 53),
(14342, 53),
(14347, 53),
(14348, 53),
(14353, 53),
(14355, 53),
(14360, 53),
(14361, 53),
(14362, 53),
(14373, 53),
(14376, 53),
(14377, 53),
(13685, 54),
(13960, 54),
(13992, 54),
(13998, 54),
(14010, 54),
(14017, 54),
(14023, 54),
(14028, 54),
(14034, 54),
(14038, 54),
(14042, 54),
(14049, 54),
(14055, 54),
(14056, 54),
(14062, 54),
(14065, 54),
(14070, 54),
(14078, 54),
(14080, 54),
(14088, 54),
(14093, 54),
(14094, 54),
(14096, 54),
(14101, 54),
(14104, 54),
(14105, 54),
(14108, 54),
(14113, 54),
(14131, 54),
(14134, 54),
(14138, 54),
(14140, 54),
(14141, 54),
(14147, 54),
(14158, 54),
(14161, 54),
(14162, 54),
(14165, 54),
(14169, 54),
(14173, 54),
(14180, 54),
(14182, 54),
(14192, 54),
(14194, 54),
(14199, 54),
(14201, 54),
(14213, 54),
(14217, 54),
(14220, 54),
(14226, 54),
(14230, 54),
(14235, 54),
(14238, 54),
(14248, 54),
(14268, 54),
(14272, 54),
(14283, 54),
(14285, 54),
(14292, 54),
(14300, 54),
(14306, 54),
(14309, 54),
(14312, 54),
(14314, 54),
(14317, 54),
(14318, 54),
(14322, 54),
(14323, 54),
(14325, 54),
(14335, 54),
(14336, 54),
(14338, 54),
(14351, 54),
(14369, 54),
(14449, 54),
(15657, 56),
(15662, 56),
(15666, 56),
(15668, 56),
(15669, 56),
(15679, 56),
(15681, 56),
(15684, 56),
(15687, 56),
(15688, 56),
(15693, 56),
(15694, 56),
(15696, 56),
(15701, 56),
(15707, 56),
(15710, 56),
(15721, 56),
(15723, 56),
(15725, 56),
(15729, 56),
(15730, 56),
(15732, 56),
(15733, 56),
(15738, 56),
(15744, 56),
(15753, 56),
(15757, 56),
(15760, 56),
(15766, 56),
(15768, 56),
(15771, 56),
(15776, 56),
(15777, 56),
(15778, 56),
(15779, 56),
(15780, 56),
(15783, 56),
(15785, 56),
(15807, 56),
(15816, 56),
(15818, 56),
(15821, 56),
(15825, 56),
(15827, 56),
(15844, 56),
(15848, 56),
(15850, 56),
(15855, 56),
(15866, 56),
(15869, 56),
(15870, 56),
(15872, 56),
(15874, 56),
(15879, 56),
(15883, 56),
(15885, 56),
(15886, 56),
(15889, 56),
(15891, 56),
(16034, 56),
(16041, 56),
(16042, 56),
(16048, 56),
(16049, 56),
(16052, 56),
(16056, 56),
(16063, 56),
(16067, 56),
(14456, 57),
(14480, 57),
(14497, 57),
(14513, 57),
(14554, 57),
(14589, 57),
(14591, 57),
(14612, 57),
(14622, 57),
(14625, 57),
(14626, 57),
(14627, 57),
(14630, 57),
(14636, 57),
(14647, 57),
(14659, 57),
(14701, 57),
(14707, 57),
(14712, 57),
(14715, 57),
(14753, 57),
(14760, 57),
(14767, 57),
(14786, 57),
(14791, 57),
(14800, 57),
(14801, 57),
(14857, 57),
(14863, 57),
(14548, 58),
(14555, 58),
(14565, 58),
(14567, 58),
(14583, 58),
(14587, 58),
(14611, 58),
(14623, 58),
(14633, 58),
(14644, 58),
(14661, 58),
(14667, 58),
(14668, 58),
(14669, 58),
(14689, 58),
(14706, 58),
(14713, 58),
(14740, 58),
(14761, 58),
(14765, 58),
(14789, 58),
(14794, 58),
(14797, 58),
(14810, 58),
(14814, 58),
(14818, 58),
(14830, 58),
(14833, 58),
(14854, 58),
(14858, 58),
(14860, 58),
(14864, 58),
(14883, 58),
(14514, 62),
(14515, 62),
(14517, 62),
(14519, 62),
(14566, 62),
(14568, 62),
(14572, 62),
(14574, 62),
(14580, 62),
(14594, 62),
(14596, 62),
(14599, 62),
(14600, 62),
(14602, 62),
(14605, 62),
(14607, 62),
(14608, 62),
(14613, 62),
(14615, 62),
(14635, 62),
(14641, 62),
(14649, 62),
(14650, 62),
(14662, 62),
(14673, 62),
(14675, 62),
(14684, 62),
(14685, 62),
(14694, 62),
(14696, 62),
(14698, 62),
(14705, 62),
(14709, 62),
(14718, 62),
(14721, 62),
(14723, 62),
(14731, 62),
(14742, 62),
(14745, 62),
(14748, 62),
(14754, 62),
(14775, 62),
(14778, 62),
(14779, 62),
(14785, 62),
(14805, 62),
(14808, 62),
(14809, 62),
(14811, 62),
(14816, 62),
(14820, 62),
(14824, 62),
(14828, 62),
(14841, 62),
(14843, 62),
(14851, 62),
(14866, 62),
(14868, 62),
(14879, 62),
(15002, 62),
(15904, 64),
(15905, 64),
(15906, 64),
(15907, 64),
(15908, 64),
(15909, 64),
(15910, 64),
(15911, 64),
(15912, 64),
(15913, 64),
(15914, 64),
(15916, 64),
(15917, 64),
(15918, 64),
(15919, 64),
(15920, 64),
(15921, 64),
(15922, 64),
(15923, 64),
(15924, 64),
(15925, 64),
(15926, 64),
(15927, 64),
(15928, 64),
(15929, 64),
(15930, 64),
(15931, 64),
(15932, 64),
(15933, 64),
(15934, 64),
(15935, 64),
(15936, 64),
(15937, 64),
(15938, 64),
(15940, 64),
(15941, 64),
(15943, 64),
(15944, 64),
(15945, 64),
(15946, 64),
(15947, 64),
(15948, 64),
(15949, 64),
(15950, 64),
(15951, 64),
(15952, 64),
(15953, 64),
(15954, 64),
(15955, 64),
(15956, 64),
(15957, 64),
(15958, 64),
(15959, 64),
(15960, 64),
(15962, 64),
(15963, 64),
(13564, 65),
(13973, 65),
(13984, 65),
(13990, 65),
(14000, 65),
(14004, 65),
(14019, 65),
(14029, 65),
(14047, 65),
(14115, 65),
(14143, 65),
(14150, 65),
(14155, 65),
(14163, 65),
(14189, 65),
(14197, 65),
(14215, 65),
(14224, 65),
(14225, 65),
(14227, 65),
(14229, 65),
(14239, 65),
(14250, 65),
(14254, 65),
(14255, 65),
(14256, 65),
(14261, 65),
(14271, 65),
(14294, 65),
(14298, 65),
(14316, 65),
(14329, 65),
(14332, 65),
(14341, 65),
(14345, 65),
(14354, 65),
(14358, 65),
(14379, 65),
(14050, 71),
(14518, 71),
(14522, 71),
(14526, 71),
(14535, 71),
(14539, 71),
(14551, 71),
(14553, 71),
(14556, 71),
(14561, 71),
(14562, 71),
(14578, 71),
(14585, 71),
(14598, 71),
(14603, 71),
(14609, 71),
(14619, 71),
(14640, 71),
(14642, 71),
(14663, 71),
(14665, 71),
(14670, 71),
(14677, 71),
(14686, 71),
(14688, 71),
(14692, 71),
(14710, 71),
(14722, 71),
(14725, 71),
(14732, 71),
(14733, 71),
(14750, 71),
(14756, 71),
(14763, 71),
(14768, 71),
(14780, 71),
(14781, 71),
(14784, 71),
(14787, 71),
(14795, 71),
(14798, 71),
(14799, 71),
(14806, 71),
(14812, 71),
(14817, 71),
(14821, 71),
(14822, 71),
(14826, 71),
(14835, 71),
(14836, 71),
(14838, 71),
(14846, 71),
(14852, 71),
(14861, 71),
(14872, 71),
(14873, 71),
(14876, 71),
(14881, 71),
(14914, 71),
(14927, 71),
(15648, 72),
(15656, 72),
(15677, 72),
(15692, 72),
(15697, 72),
(15706, 72),
(15709, 72),
(15714, 72),
(15716, 72),
(15717, 72),
(15722, 72),
(15737, 72),
(15739, 72),
(15743, 72),
(15756, 72),
(15758, 72),
(15762, 72),
(15767, 72),
(15769, 72),
(15773, 72),
(15784, 72),
(15788, 72),
(15800, 72),
(15804, 72),
(15805, 72),
(15808, 72),
(15813, 72),
(15814, 72),
(15826, 72),
(15837, 72),
(15839, 72),
(15849, 72),
(15859, 72),
(15875, 72),
(15878, 72),
(15888, 72),
(14454, 73),
(14455, 73),
(14457, 73),
(14458, 73),
(14459, 73),
(14461, 73),
(14463, 73),
(14465, 73),
(14466, 73),
(14467, 73),
(14468, 73),
(14471, 73),
(14472, 73),
(14473, 73),
(14474, 73),
(14475, 73),
(14478, 73),
(14481, 73),
(14483, 73),
(14489, 73),
(14490, 73),
(14491, 73),
(14492, 73),
(14493, 73),
(14498, 73),
(14499, 73),
(14500, 73),
(14501, 73),
(14502, 73),
(14503, 73),
(14505, 73),
(14506, 73),
(15459, 74),
(15463, 74),
(15471, 74),
(15472, 74),
(15473, 74),
(15474, 74),
(15475, 74),
(15481, 74),
(15483, 74),
(15487, 74),
(15489, 74),
(15490, 74),
(15493, 74),
(15499, 74),
(15504, 74),
(15507, 74),
(15510, 74),
(15511, 74),
(15513, 74),
(15515, 74),
(15519, 74),
(15524, 74),
(15528, 74),
(15529, 74),
(15533, 74),
(15534, 74),
(15536, 74),
(15539, 74),
(15540, 74),
(15541, 74),
(15542, 74),
(15545, 74),
(15546, 74),
(15547, 74),
(15550, 74),
(15551, 74),
(15557, 74),
(15558, 74),
(15561, 74),
(15563, 74),
(15564, 74),
(15566, 74),
(15568, 74),
(15569, 74),
(15571, 74),
(15572, 74),
(15575, 74),
(15576, 74),
(15577, 74),
(15580, 74),
(15581, 74),
(15583, 74),
(15589, 74),
(15594, 74),
(15595, 74),
(15597, 74),
(15600, 74),
(15601, 74),
(15602, 74),
(15603, 74),
(15605, 74),
(15606, 74),
(15612, 74),
(15614, 74),
(15615, 74),
(15616, 74),
(15618, 74),
(15620, 74),
(15625, 74),
(15626, 74),
(15627, 74),
(15628, 74),
(15630, 74),
(15631, 74),
(15632, 74),
(15633, 74),
(15635, 74),
(15641, 74),
(15643, 74),
(15644, 74),
(15645, 74),
(16126, 74),
(15657, 75),
(15662, 75),
(15666, 75),
(15668, 75),
(15669, 75),
(15679, 75),
(15681, 75),
(15684, 75),
(15687, 75),
(15688, 75),
(15693, 75),
(15694, 75),
(15696, 75),
(15701, 75),
(15707, 75),
(15710, 75),
(15721, 75),
(15723, 75),
(15725, 75),
(15729, 75),
(15730, 75),
(15732, 75),
(15733, 75),
(15738, 75),
(15744, 75),
(15753, 75),
(15757, 75),
(15760, 75),
(15766, 75),
(15768, 75),
(15771, 75),
(15776, 75),
(15777, 75),
(15778, 75),
(15779, 75),
(15780, 75),
(15783, 75),
(15785, 75),
(15807, 75),
(15816, 75),
(15818, 75),
(15821, 75),
(15825, 75),
(15827, 75),
(15844, 75),
(15848, 75),
(15850, 75),
(15855, 75),
(15866, 75),
(15869, 75),
(15870, 75),
(15872, 75),
(15874, 75),
(15879, 75),
(15883, 75),
(15885, 75),
(15886, 75),
(15889, 75),
(15891, 75),
(16034, 75),
(16041, 75),
(16042, 75),
(16048, 75),
(16049, 75),
(16052, 75),
(16056, 75),
(16063, 75),
(16067, 75),
(15457, 76),
(15464, 76),
(15465, 76),
(15469, 76),
(15477, 76),
(15478, 76),
(15482, 76),
(15485, 76),
(15486, 76),
(15488, 76),
(15492, 76),
(15498, 76),
(15500, 76),
(15502, 76),
(15516, 76),
(15517, 76),
(15518, 76),
(15520, 76),
(15521, 76),
(15526, 76),
(15527, 76),
(15530, 76),
(15537, 76),
(15538, 76),
(15549, 76),
(15552, 76),
(15560, 76),
(15562, 76),
(15570, 76),
(15578, 76),
(15582, 76),
(15584, 76),
(15587, 76),
(15590, 76),
(15591, 76),
(15592, 76),
(15593, 76),
(15596, 76),
(15607, 76),
(15617, 76),
(15624, 76),
(15629, 76),
(15637, 76),
(15638, 76),
(15642, 76),
(16084, 76),
(16093, 76),
(16095, 76),
(16097, 76),
(16098, 76),
(16099, 76),
(16101, 76),
(16102, 76),
(16103, 76),
(16107, 76),
(16108, 76),
(16110, 76),
(16113, 76),
(16114, 76),
(16115, 76),
(16118, 76),
(16120, 76),
(16121, 76),
(16122, 76),
(16123, 76),
(16124, 76),
(16125, 76),
(16130, 76),
(16131, 76),
(16133, 76),
(16139, 76),
(16141, 76),
(16142, 76),
(16144, 76),
(16146, 76),
(16151, 76),
(16152, 76),
(16154, 76),
(13564, 78),
(13961, 78),
(13973, 78),
(13979, 78),
(13984, 78),
(13989, 78),
(13990, 78),
(13994, 78),
(14000, 78),
(14004, 78),
(14008, 78),
(14015, 78),
(14019, 78),
(14029, 78),
(14047, 78),
(14063, 78),
(14076, 78),
(14077, 78),
(14081, 78),
(14086, 78),
(14102, 78),
(14115, 78),
(14117, 78),
(14118, 78),
(14119, 78),
(14143, 78),
(14150, 78),
(14154, 78),
(14155, 78),
(14160, 78),
(14163, 78),
(14166, 78),
(14167, 78),
(14172, 78),
(14176, 78),
(14189, 78),
(14197, 78),
(14215, 78),
(14224, 78),
(14225, 78),
(14227, 78),
(14228, 78),
(14229, 78),
(14231, 78),
(14233, 78),
(14239, 78),
(14243, 78),
(14250, 78),
(14254, 78),
(14255, 78),
(14256, 78),
(14261, 78),
(14263, 78),
(14264, 78),
(14271, 78),
(14289, 78),
(14294, 78),
(14298, 78),
(14316, 78),
(14328, 78),
(14329, 78),
(14331, 78),
(14332, 78),
(14341, 78),
(14343, 78),
(14345, 78),
(14346, 78),
(14354, 78),
(14357, 78),
(14358, 78),
(14359, 78),
(14363, 78),
(14370, 78),
(14372, 78),
(14379, 78),
(15460, 79),
(15467, 79),
(15470, 79),
(15480, 79),
(15495, 79),
(15496, 79),
(15509, 79),
(15523, 79),
(15525, 79),
(15543, 79),
(15548, 79),
(15565, 79),
(15567, 79),
(15573, 79),
(15574, 79),
(15588, 79),
(15609, 79),
(15610, 79),
(15611, 79),
(15613, 79),
(15623, 79),
(15636, 79),
(15640, 79),
(16082, 79),
(16085, 79),
(16086, 79),
(16087, 79),
(16090, 79),
(16091, 79),
(16094, 79),
(16096, 79),
(16104, 79),
(16109, 79),
(16111, 79),
(16116, 79),
(16135, 79),
(16136, 79),
(16137, 79),
(16140, 79),
(16143, 79),
(16145, 79),
(16160, 79),
(14885, 80),
(14888, 80),
(14891, 80),
(14893, 80),
(14895, 80),
(14898, 80),
(14904, 80),
(14906, 80),
(14907, 80),
(14909, 80),
(14910, 80),
(14911, 80),
(14913, 80),
(14915, 80),
(14917, 80),
(14918, 80),
(14919, 80),
(14925, 80),
(14928, 80),
(14929, 80),
(14930, 80),
(14939, 80),
(14940, 80),
(14941, 80),
(14942, 80),
(14037, 83),
(14517, 83),
(14549, 83),
(14570, 83),
(14571, 83),
(14575, 83),
(14576, 83),
(14579, 83),
(14599, 83),
(14601, 83),
(14602, 83),
(14605, 83),
(14607, 83),
(14608, 83),
(14615, 83),
(14618, 83),
(14635, 83),
(14641, 83),
(14649, 83),
(14651, 83),
(14654, 83),
(14658, 83),
(14673, 83),
(14674, 83),
(14675, 83),
(14680, 83),
(14683, 83),
(14685, 83),
(14691, 83),
(14696, 83),
(14697, 83),
(14709, 83),
(14711, 83),
(14717, 83),
(14728, 83),
(14734, 83),
(14742, 83),
(14754, 83),
(14764, 83),
(14772, 83),
(14774, 83),
(14778, 83),
(14804, 83),
(14805, 83),
(14809, 83),
(14813, 83),
(14820, 83),
(14823, 83),
(14824, 83),
(14834, 83),
(14839, 83),
(14840, 83),
(14842, 83),
(14849, 83),
(14851, 83),
(14878, 83),
(14879, 83),
(15002, 83),
(13953, 84),
(13968, 84),
(13970, 84),
(13986, 84),
(13988, 84),
(13993, 84),
(14045, 84),
(14053, 84),
(14054, 84),
(14064, 84),
(14066, 84),
(14068, 84),
(14069, 84),
(14075, 84),
(14082, 84),
(14084, 84),
(14091, 84),
(14095, 84),
(14097, 84),
(14099, 84),
(14103, 84),
(14106, 84),
(14107, 84),
(14112, 84),
(14122, 84),
(14123, 84),
(14126, 84),
(14130, 84),
(14156, 84),
(14157, 84),
(14159, 84),
(14168, 84),
(14174, 84),
(14179, 84),
(14183, 84),
(14191, 84),
(14202, 84),
(14207, 84),
(14208, 84),
(14209, 84),
(14223, 84),
(14232, 84),
(14234, 84),
(14236, 84),
(14240, 84),
(14246, 84),
(14247, 84),
(14252, 84),
(14257, 84),
(14259, 84),
(14260, 84),
(14266, 84),
(14267, 84),
(14270, 84),
(14278, 84),
(14279, 84),
(14286, 84),
(14287, 84),
(14290, 84),
(14293, 84),
(14295, 84),
(14296, 84),
(14299, 84),
(14305, 84),
(14307, 84),
(14310, 84),
(14315, 84),
(14319, 84),
(14320, 84),
(14321, 84),
(14327, 84),
(14337, 84),
(14339, 84),
(13685, 85),
(13960, 85),
(13992, 85),
(13998, 85),
(14010, 85),
(14017, 85),
(14023, 85),
(14028, 85),
(14034, 85),
(14038, 85),
(14042, 85),
(14049, 85),
(14055, 85),
(14056, 85),
(14062, 85),
(14065, 85),
(14070, 85),
(14078, 85),
(14080, 85),
(14088, 85),
(14093, 85),
(14094, 85),
(14096, 85),
(14101, 85),
(14104, 85),
(14105, 85),
(14108, 85),
(14113, 85),
(14131, 85),
(14134, 85),
(14138, 85),
(14140, 85),
(14141, 85),
(14147, 85),
(14158, 85),
(14161, 85),
(14162, 85),
(14165, 85),
(14169, 85),
(14173, 85),
(14180, 85),
(14182, 85),
(14192, 85),
(14194, 85),
(14199, 85),
(14201, 85),
(14213, 85),
(14217, 85),
(14220, 85),
(14226, 85),
(14230, 85),
(14235, 85),
(14238, 85),
(14248, 85),
(14268, 85),
(14272, 85),
(14283, 85),
(14285, 85),
(14292, 85),
(14300, 85),
(14306, 85),
(14309, 85),
(14312, 85),
(14314, 85),
(14317, 85),
(14318, 85),
(14322, 85),
(14323, 85),
(14325, 85),
(14335, 85),
(14336, 85),
(14338, 85),
(14351, 85),
(14369, 85),
(14449, 85),
(14456, 95),
(14464, 95),
(14480, 95),
(14482, 95),
(14487, 95),
(14497, 95),
(14513, 95),
(14554, 95),
(14557, 95),
(14558, 95),
(14560, 95),
(14573, 95),
(14581, 95),
(14582, 95),
(14589, 95),
(14590, 95),
(14591, 95),
(14593, 95),
(14597, 95),
(14604, 95),
(14610, 95),
(14612, 95),
(14622, 95),
(14624, 95),
(14625, 95),
(14626, 95),
(14627, 95),
(14628, 95),
(14630, 95),
(14636, 95),
(14643, 95),
(14645, 95),
(14647, 95),
(14648, 95),
(14653, 95),
(14659, 95),
(14679, 95),
(14701, 95),
(14707, 95),
(14712, 95),
(14715, 95),
(14726, 95),
(14739, 95),
(14749, 95),
(14753, 95),
(14760, 95),
(14767, 95),
(14769, 95),
(14776, 95),
(14782, 95),
(14786, 95),
(14788, 95),
(14791, 95),
(14800, 95),
(14801, 95),
(14827, 95),
(14829, 95),
(14857, 95),
(14863, 95),
(14865, 95),
(14548, 98),
(14555, 98),
(14565, 98),
(14567, 98),
(14583, 98),
(14587, 98),
(14611, 98),
(14623, 98),
(14633, 98),
(14644, 98),
(14661, 98),
(14667, 98),
(14668, 98),
(14669, 98),
(14689, 98),
(14706, 98),
(14713, 98),
(14740, 98),
(14761, 98),
(14765, 98),
(14789, 98),
(14794, 98),
(14797, 98),
(14810, 98),
(14814, 98),
(14818, 98),
(14830, 98),
(14833, 98),
(14854, 98),
(14858, 98),
(14860, 98),
(14864, 98),
(14883, 98),
(15460, 100),
(15467, 100),
(15470, 100),
(15480, 100),
(15495, 100),
(15496, 100),
(15509, 100),
(15523, 100),
(15525, 100),
(15543, 100),
(15548, 100),
(15565, 100),
(15567, 100),
(15573, 100),
(15574, 100),
(15588, 100),
(15609, 100),
(15610, 100),
(15611, 100),
(15613, 100),
(15623, 100),
(15636, 100),
(15640, 100),
(16082, 100),
(16085, 100),
(16086, 100),
(16087, 100),
(16090, 100),
(16091, 100),
(16094, 100),
(16096, 100),
(16104, 100),
(16109, 100),
(16111, 100),
(16116, 100),
(16135, 100),
(16136, 100),
(16137, 100),
(16140, 100),
(16143, 100),
(16145, 100),
(16160, 100),
(14050, 101),
(14514, 101),
(14515, 101),
(14518, 101),
(14519, 101),
(14522, 101),
(14526, 101),
(14535, 101),
(14539, 101),
(14551, 101),
(14553, 101),
(14556, 101),
(14561, 101),
(14562, 101),
(14566, 101),
(14568, 101),
(14572, 101),
(14574, 101),
(14578, 101),
(14580, 101),
(14585, 101),
(14594, 101),
(14596, 101),
(14598, 101),
(14600, 101),
(14603, 101),
(14609, 101),
(14613, 101),
(14619, 101),
(14640, 101),
(14642, 101),
(14650, 101),
(14662, 101),
(14663, 101),
(14665, 101),
(14670, 101),
(14677, 101),
(14684, 101),
(14686, 101),
(14688, 101),
(14692, 101),
(14694, 101),
(14698, 101),
(14705, 101),
(14710, 101),
(14718, 101),
(14721, 101),
(14722, 101),
(14723, 101),
(14725, 101),
(14731, 101),
(14732, 101),
(14733, 101),
(14745, 101),
(14748, 101),
(14750, 101),
(14756, 101),
(14763, 101),
(14768, 101),
(14775, 101),
(14779, 101),
(14780, 101),
(14781, 101),
(14784, 101),
(14785, 101),
(14787, 101),
(14795, 101),
(14798, 101),
(14799, 101),
(14806, 101),
(14808, 101),
(14811, 101),
(14812, 101),
(14816, 101),
(14817, 101),
(14821, 101),
(14822, 101),
(14826, 101),
(14828, 101),
(14835, 101),
(14836, 101),
(14838, 101),
(14841, 101),
(14843, 101),
(14846, 101),
(14852, 101),
(14861, 101),
(14866, 101),
(14868, 101),
(14872, 101),
(14873, 101),
(14876, 101),
(14881, 101),
(14914, 101),
(14927, 101),
(15648, 102),
(15656, 102),
(15677, 102),
(15692, 102),
(15697, 102),
(15706, 102),
(15709, 102),
(15714, 102),
(15716, 102),
(15717, 102),
(15722, 102),
(15737, 102),
(15739, 102),
(15743, 102),
(15756, 102),
(15758, 102),
(15762, 102),
(15767, 102),
(15769, 102),
(15773, 102),
(15784, 102),
(15788, 102),
(15800, 102),
(15804, 102),
(15805, 102),
(15808, 102),
(15813, 102),
(15814, 102),
(15826, 102),
(15837, 102),
(15839, 102),
(15849, 102),
(15859, 102),
(15875, 102),
(15878, 102),
(15888, 102),
(13968, 103),
(14053, 103),
(14054, 103),
(14066, 103),
(14068, 103),
(14082, 103),
(14095, 103),
(14097, 103),
(14106, 103),
(14112, 103),
(14123, 103),
(14130, 103),
(14156, 103),
(14159, 103),
(14168, 103),
(14174, 103),
(14179, 103),
(14183, 103),
(14202, 103),
(14207, 103),
(14209, 103),
(14246, 103),
(14247, 103),
(14252, 103),
(14257, 103),
(14259, 103),
(14260, 103),
(14267, 103),
(14287, 103),
(14290, 103),
(14295, 103),
(14305, 103),
(14315, 103),
(14321, 103),
(14327, 103),
(14337, 103),
(14339, 103),
(15650, 105),
(15664, 105),
(15676, 105),
(15678, 105),
(15685, 105),
(15704, 105),
(15734, 105),
(15740, 105),
(15747, 105),
(15761, 105),
(15772, 105),
(15782, 105),
(15786, 105),
(15793, 105),
(15802, 105),
(15819, 105),
(15834, 105),
(15836, 105),
(15842, 105),
(15852, 105),
(15860, 105),
(15895, 105),
(16037, 105),
(16043, 105),
(16047, 105),
(16057, 105),
(16058, 105),
(16064, 105),
(16069, 105),
(14454, 106),
(14455, 106),
(14457, 106),
(14458, 106),
(14459, 106),
(14461, 106),
(14463, 106),
(14465, 106),
(14466, 106),
(14467, 106),
(14468, 106),
(14471, 106),
(14472, 106),
(14473, 106),
(14474, 106),
(14475, 106),
(14478, 106),
(14481, 106),
(14483, 106),
(14489, 106),
(14490, 106),
(14491, 106),
(14492, 106),
(14493, 106),
(14498, 106),
(14499, 106),
(14500, 106),
(14501, 106),
(14502, 106),
(14503, 106),
(14505, 106),
(14506, 106),
(15457, 107),
(15464, 107),
(15465, 107),
(15469, 107),
(15477, 107),
(15478, 107),
(15482, 107),
(15485, 107),
(15486, 107),
(15488, 107),
(15492, 107),
(15498, 107),
(15500, 107),
(15502, 107),
(15516, 107),
(15517, 107),
(15518, 107),
(15520, 107),
(15521, 107),
(15526, 107),
(15527, 107),
(15530, 107),
(15537, 107),
(15538, 107),
(15549, 107),
(15552, 107),
(15560, 107),
(15562, 107),
(15570, 107),
(15578, 107),
(15582, 107),
(15584, 107),
(15587, 107),
(15590, 107),
(15591, 107),
(15592, 107),
(15593, 107),
(15596, 107),
(15607, 107),
(15617, 107),
(15624, 107),
(15629, 107),
(15637, 107),
(15638, 107),
(15642, 107),
(16084, 107),
(16093, 107),
(16095, 107),
(16097, 107),
(16098, 107),
(16099, 107),
(16101, 107),
(16102, 107),
(16103, 107),
(16107, 107),
(16108, 107),
(16110, 107),
(16113, 107),
(16114, 107),
(16115, 107),
(16118, 107),
(16120, 107),
(16121, 107),
(16122, 107),
(16123, 107),
(16124, 107),
(16125, 107),
(16130, 107),
(16131, 107),
(16133, 107),
(16139, 107),
(16141, 107),
(16142, 107),
(16144, 107),
(16146, 107),
(16151, 107),
(16152, 107),
(16154, 107),
(13947, 108),
(13950, 108),
(13951, 108),
(13952, 108),
(13954, 108),
(13958, 108),
(13962, 108),
(13964, 108),
(13969, 108),
(13974, 108),
(13976, 108),
(13981, 108),
(13982, 108),
(13985, 108),
(13987, 108),
(13995, 108),
(13996, 108),
(13999, 108),
(14003, 108),
(14005, 108),
(14021, 108),
(14024, 108),
(14025, 108),
(14030, 108),
(14031, 108),
(14039, 108),
(14041, 108),
(14048, 108),
(14083, 108),
(14085, 108),
(14089, 108),
(14111, 108),
(14137, 108),
(14142, 108),
(14146, 108),
(14148, 108),
(14152, 108),
(14188, 108),
(14212, 108),
(14218, 108),
(14221, 108),
(14237, 108),
(14262, 108),
(14280, 108),
(14340, 108),
(15647, 109),
(15651, 109),
(15654, 109),
(15661, 109),
(15670, 109),
(15673, 109),
(15683, 109),
(15690, 109),
(15703, 109),
(15705, 109),
(15711, 109),
(15712, 109),
(15724, 109),
(15741, 109),
(15745, 109),
(15759, 109),
(15765, 109),
(15781, 109),
(15789, 109),
(15792, 109),
(15798, 109),
(15809, 109),
(15811, 109),
(15820, 109),
(15828, 109),
(15831, 109),
(15840, 109),
(15841, 109),
(15845, 109),
(15854, 109),
(15858, 109),
(15876, 109),
(15880, 109),
(15884, 109),
(15893, 109),
(15897, 109),
(15902, 109),
(15903, 109),
(14550, 111),
(14559, 111),
(14563, 111),
(14592, 111),
(14614, 111),
(14629, 111),
(14631, 111),
(14634, 111),
(14639, 111),
(14666, 111),
(14681, 111),
(14687, 111),
(14690, 111),
(14699, 111),
(14700, 111),
(14702, 111),
(14708, 111),
(14714, 111),
(14729, 111),
(14746, 111),
(14759, 111),
(14766, 111),
(14777, 111),
(14792, 111),
(14796, 111),
(14802, 111),
(14825, 111),
(14837, 111),
(14848, 111),
(14875, 111),
(13685, 112),
(13960, 112),
(13992, 112),
(13998, 112),
(14010, 112),
(14017, 112),
(14023, 112),
(14028, 112),
(14034, 112),
(14038, 112),
(14042, 112),
(14049, 112),
(14055, 112),
(14056, 112),
(14062, 112),
(14065, 112),
(14070, 112),
(14078, 112),
(14080, 112),
(14088, 112),
(14093, 112),
(14094, 112),
(14096, 112),
(14101, 112),
(14104, 112),
(14105, 112),
(14108, 112),
(14113, 112),
(14131, 112),
(14134, 112),
(14138, 112),
(14140, 112),
(14141, 112),
(14147, 112),
(14158, 112),
(14161, 112),
(14162, 112),
(14165, 112),
(14169, 112),
(14173, 112),
(14180, 112),
(14182, 112),
(14192, 112),
(14194, 112),
(14199, 112),
(14201, 112),
(14213, 112),
(14217, 112),
(14220, 112),
(14226, 112),
(14230, 112),
(14235, 112),
(14238, 112),
(14248, 112),
(14268, 112),
(14272, 112),
(14283, 112),
(14285, 112),
(14292, 112),
(14300, 112),
(14306, 112),
(14309, 112),
(14312, 112),
(14314, 112),
(14317, 112),
(14318, 112),
(14322, 112),
(14323, 112),
(14325, 112),
(14335, 112),
(14336, 112),
(14338, 112),
(14351, 112),
(14369, 112),
(14449, 112),
(14517, 113),
(14599, 113),
(14602, 113),
(14605, 113),
(14607, 113),
(14608, 113),
(14615, 113),
(14635, 113),
(14641, 113),
(14649, 113),
(14673, 113),
(14675, 113),
(14685, 113),
(14696, 113),
(14709, 113),
(14742, 113),
(14754, 113),
(14778, 113),
(14805, 113),
(14809, 113),
(14820, 113),
(14824, 113),
(14851, 113),
(14879, 113),
(15002, 113),
(14464, 119),
(14482, 119),
(14487, 119),
(14557, 119),
(14558, 119),
(14560, 119),
(14573, 119),
(14581, 119),
(14582, 119),
(14590, 119),
(14593, 119),
(14597, 119),
(14604, 119),
(14610, 119),
(14624, 119),
(14628, 119),
(14643, 119),
(14645, 119),
(14648, 119),
(14653, 119),
(14679, 119),
(14726, 119),
(14739, 119),
(14749, 119),
(14769, 119),
(14776, 119),
(14782, 119),
(14788, 119),
(14827, 119),
(14829, 119),
(14865, 119),
(15463, 124),
(15473, 124),
(15474, 124),
(15487, 124),
(15489, 124),
(15490, 124),
(15493, 124),
(15504, 124),
(15510, 124),
(15511, 124),
(15515, 124),
(15533, 124),
(15534, 124),
(15539, 124),
(15540, 124),
(15542, 124),
(15545, 124),
(15551, 124),
(15557, 124),
(15558, 124),
(15561, 124),
(15563, 124),
(15564, 124),
(15569, 124),
(15576, 124),
(15577, 124),
(15581, 124),
(15589, 124),
(15594, 124),
(15595, 124),
(15601, 124),
(15603, 124),
(15606, 124),
(15612, 124),
(15616, 124),
(15627, 124),
(15630, 124),
(15635, 124),
(15643, 124),
(15644, 124),
(13953, 128),
(13970, 128),
(13986, 128),
(13988, 128),
(13993, 128),
(14045, 128),
(14064, 128),
(14069, 128),
(14075, 128),
(14084, 128),
(14091, 128),
(14099, 128),
(14103, 128),
(14107, 128),
(14122, 128),
(14126, 128),
(14157, 128),
(14191, 128),
(14208, 128),
(14223, 128),
(14232, 128),
(14234, 128),
(14236, 128),
(14240, 128),
(14266, 128),
(14270, 128),
(14278, 128),
(14279, 128),
(14286, 128),
(14293, 128),
(14296, 128),
(14299, 128),
(14307, 128),
(14310, 128),
(14319, 128),
(14320, 128),
(15646, 129),
(15663, 129),
(15665, 129),
(15672, 129),
(15682, 129),
(15708, 129),
(15713, 129),
(15715, 129),
(15742, 129),
(15746, 129),
(15750, 129),
(15752, 129),
(15770, 129),
(15774, 129),
(15775, 129),
(15795, 129),
(15803, 129),
(15810, 129),
(15812, 129),
(15822, 129),
(15829, 129),
(15830, 129),
(15832, 129),
(15853, 129),
(15857, 129),
(15863, 129),
(15864, 129),
(15877, 129),
(15890, 129),
(15892, 129),
(15898, 129),
(16029, 129),
(13949, 134),
(13955, 134),
(13956, 134),
(13957, 134),
(13959, 134),
(13963, 134),
(13965, 134),
(13966, 134),
(13975, 134),
(13977, 134),
(13980, 134),
(13983, 134),
(14001, 134),
(14002, 134),
(14012, 134),
(14020, 134),
(14022, 134),
(14026, 134),
(14033, 134),
(14035, 134),
(14036, 134),
(14040, 134),
(14052, 134),
(14057, 134),
(14058, 134),
(14059, 134),
(14073, 134),
(14092, 134),
(14098, 134),
(14100, 134),
(14110, 134),
(14114, 134),
(14128, 134),
(14133, 134),
(14145, 134),
(14181, 134),
(14302, 134),
(15657, 141),
(15662, 141),
(15666, 141),
(15668, 141),
(15669, 141),
(15679, 141),
(15681, 141),
(15684, 141),
(15687, 141),
(15688, 141),
(15693, 141),
(15694, 141),
(15696, 141),
(15701, 141),
(15707, 141),
(15710, 141),
(15721, 141),
(15723, 141),
(15725, 141),
(15729, 141),
(15730, 141),
(15732, 141),
(15733, 141),
(15738, 141),
(15744, 141),
(15753, 141),
(15757, 141),
(15760, 141),
(15766, 141),
(15768, 141),
(15771, 141),
(15776, 141),
(15777, 141),
(15778, 141),
(15779, 141),
(15780, 141),
(15783, 141),
(15785, 141),
(15807, 141),
(15816, 141),
(15818, 141),
(15821, 141),
(15825, 141),
(15827, 141),
(15844, 141),
(15848, 141),
(15850, 141),
(15855, 141),
(15866, 141),
(15869, 141),
(15870, 141),
(15872, 141),
(15874, 141),
(15879, 141),
(15883, 141),
(15885, 141),
(15886, 141),
(15889, 141),
(15891, 141),
(16034, 141),
(16041, 141),
(16042, 141),
(16048, 141),
(16049, 141),
(16052, 141),
(16056, 141),
(16063, 141),
(16067, 141),
(15647, 146),
(15648, 146),
(15651, 146),
(15654, 146),
(15656, 146),
(15661, 146),
(15670, 146),
(15673, 146),
(15677, 146),
(15683, 146),
(15690, 146),
(15692, 146),
(15697, 146),
(15703, 146),
(15705, 146),
(15706, 146),
(15709, 146),
(15711, 146),
(15712, 146),
(15714, 146),
(15716, 146),
(15717, 146),
(15722, 146),
(15724, 146),
(15737, 146),
(15739, 146),
(15741, 146),
(15743, 146),
(15745, 146),
(15756, 146),
(15758, 146),
(15759, 146),
(15762, 146),
(15765, 146),
(15767, 146),
(15769, 146),
(15773, 146),
(15781, 146),
(15784, 146),
(15788, 146),
(15789, 146),
(15792, 146),
(15798, 146),
(15800, 146),
(15804, 146),
(15805, 146),
(15808, 146),
(15809, 146),
(15811, 146),
(15813, 146),
(15814, 146),
(15820, 146),
(15826, 146),
(15828, 146),
(15831, 146),
(15837, 146),
(15839, 146),
(15840, 146),
(15841, 146),
(15845, 146),
(15849, 146),
(15854, 146),
(15858, 146),
(15859, 146),
(15875, 146),
(15876, 146),
(15878, 146),
(15880, 146),
(15884, 146),
(15888, 146),
(15893, 146),
(15897, 146),
(15902, 146),
(15903, 146),
(15457, 148),
(15458, 148),
(15461, 148),
(15462, 148),
(15464, 148),
(15466, 148),
(15468, 148),
(15477, 148),
(15478, 148),
(15479, 148),
(15482, 148),
(15484, 148),
(15485, 148),
(15491, 148),
(15492, 148),
(15494, 148),
(15498, 148),
(15500, 148),
(15501, 148),
(15506, 148),
(15512, 148),
(15514, 148),
(15517, 148),
(15518, 148),
(15520, 148),
(15521, 148),
(15522, 148),
(15531, 148),
(15532, 148),
(15535, 148),
(15544, 148),
(15549, 148),
(15552, 148),
(15553, 148),
(15555, 148),
(15556, 148),
(15578, 148),
(15579, 148),
(15582, 148),
(15584, 148),
(15586, 148),
(15590, 148),
(15592, 148),
(15599, 148),
(15604, 148),
(15608, 148),
(15621, 148),
(15624, 148),
(15634, 148),
(15637, 148),
(15638, 148),
(15639, 148),
(15642, 148),
(15904, 148),
(15907, 148),
(15908, 148),
(15911, 148),
(15912, 148),
(15916, 148),
(15919, 148),
(15920, 148),
(15923, 148),
(15924, 148),
(15927, 148),
(15928, 148),
(15931, 148),
(15932, 148),
(15935, 148),
(15936, 148),
(15940, 148),
(15943, 148),
(15944, 148),
(15947, 148),
(15948, 148),
(15951, 148),
(15952, 148),
(15955, 148),
(15956, 148),
(15959, 148),
(15960, 148),
(15963, 148),
(16081, 148),
(16083, 148),
(16084, 148),
(16089, 148),
(16095, 148),
(16097, 148),
(16098, 148),
(16100, 148),
(16101, 148),
(16105, 148),
(16106, 148),
(16107, 148),
(16108, 148),
(16110, 148),
(16112, 148),
(16121, 148),
(16122, 148),
(16125, 148),
(16128, 148),
(16133, 148),
(16142, 148),
(16144, 148),
(16148, 148),
(16151, 148),
(16154, 148),
(16158, 148),
(16162, 148),
(15459, 150),
(15463, 150),
(15471, 150),
(15472, 150),
(15473, 150),
(15474, 150),
(15475, 150),
(15481, 150),
(15483, 150),
(15487, 150),
(15489, 150),
(15490, 150),
(15493, 150),
(15499, 150),
(15504, 150),
(15507, 150),
(15510, 150),
(15511, 150),
(15513, 150),
(15515, 150),
(15519, 150),
(15524, 150),
(15528, 150),
(15529, 150),
(15533, 150),
(15534, 150),
(15536, 150),
(15539, 150),
(15540, 150),
(15541, 150),
(15542, 150),
(15545, 150),
(15546, 150),
(15547, 150),
(15550, 150),
(15551, 150),
(15557, 150),
(15558, 150),
(15561, 150),
(15563, 150),
(15564, 150),
(15566, 150),
(15568, 150),
(15569, 150),
(15571, 150),
(15572, 150),
(15575, 150),
(15576, 150),
(15577, 150),
(15580, 150),
(15581, 150),
(15583, 150),
(15589, 150),
(15594, 150),
(15595, 150),
(15597, 150),
(15600, 150),
(15601, 150),
(15602, 150),
(15603, 150),
(15605, 150),
(15606, 150),
(15612, 150),
(15614, 150),
(15615, 150),
(15616, 150),
(15618, 150),
(15620, 150),
(15625, 150),
(15626, 150),
(15627, 150),
(15628, 150),
(15630, 150),
(15631, 150),
(15632, 150),
(15633, 150),
(15635, 150),
(15641, 150),
(15643, 150),
(15644, 150),
(15645, 150),
(16126, 150),
(13947, 157),
(13949, 157),
(13950, 157),
(13951, 157),
(13952, 157),
(13954, 157),
(13955, 157),
(13956, 157),
(13957, 157),
(13958, 157),
(13959, 157),
(13962, 157),
(13963, 157),
(13964, 157),
(13965, 157),
(13966, 157),
(13969, 157),
(13974, 157),
(13975, 157),
(13976, 157),
(13977, 157),
(13980, 157),
(13981, 157),
(13982, 157),
(13983, 157),
(13985, 157),
(13987, 157),
(13995, 157),
(13996, 157),
(13999, 157),
(14001, 157),
(14002, 157),
(14003, 157),
(14005, 157),
(14012, 157),
(14020, 157),
(14021, 157),
(14022, 157),
(14024, 157),
(14025, 157),
(14026, 157),
(14030, 157),
(14031, 157),
(14033, 157),
(14035, 157),
(14036, 157),
(14037, 157),
(14039, 157),
(14040, 157),
(14041, 157),
(14048, 157),
(14050, 157),
(14052, 157),
(14057, 157),
(14058, 157),
(14059, 157),
(14073, 157),
(14083, 157),
(14085, 157),
(14089, 157),
(14092, 157),
(14098, 157),
(14100, 157),
(14110, 157),
(14111, 157),
(14114, 157),
(14128, 157),
(14133, 157),
(14137, 157),
(14142, 157),
(14145, 157),
(14146, 157),
(14148, 157),
(14152, 157),
(14181, 157),
(14188, 157),
(14212, 157),
(14218, 157),
(14221, 157),
(14237, 157),
(14262, 157),
(14280, 157),
(14302, 157),
(14340, 157),
(14514, 157),
(14515, 157),
(14517, 157),
(14518, 157),
(14519, 157),
(14522, 157),
(14526, 157),
(14535, 157),
(14539, 157),
(14549, 157),
(14551, 157),
(14553, 157),
(14556, 157),
(14561, 157),
(14562, 157),
(14566, 157),
(14568, 157),
(14570, 157),
(14571, 157),
(14572, 157),
(14574, 157),
(14575, 157),
(14576, 157),
(14578, 157),
(14579, 157),
(14580, 157),
(14585, 157),
(14594, 157),
(14596, 157),
(14598, 157),
(14599, 157),
(14600, 157),
(14601, 157),
(14602, 157),
(14603, 157),
(14605, 157),
(14607, 157),
(14608, 157),
(14609, 157),
(14613, 157),
(14615, 157),
(14618, 157),
(14619, 157),
(14635, 157),
(14640, 157),
(14641, 157),
(14642, 157),
(14649, 157),
(14650, 157),
(14651, 157),
(14654, 157),
(14658, 157),
(14662, 157),
(14663, 157),
(14665, 157),
(14670, 157),
(14673, 157),
(14674, 157),
(14675, 157),
(14677, 157),
(14680, 157),
(14683, 157),
(14684, 157),
(14685, 157),
(14686, 157),
(14688, 157),
(14691, 157),
(14692, 157),
(14694, 157),
(14696, 157),
(14697, 157),
(14698, 157),
(14705, 157),
(14709, 157),
(14710, 157),
(14711, 157),
(14717, 157),
(14718, 157),
(14721, 157),
(14722, 157),
(14723, 157),
(14725, 157),
(14728, 157),
(14731, 157),
(14732, 157),
(14733, 157),
(14734, 157),
(14742, 157),
(14745, 157),
(14748, 157),
(14750, 157),
(14754, 157),
(14756, 157),
(14763, 157),
(14764, 157),
(14768, 157),
(14772, 157),
(14774, 157),
(14775, 157),
(14778, 157),
(14779, 157),
(14780, 157),
(14781, 157),
(14784, 157),
(14785, 157),
(14787, 157),
(14795, 157),
(14798, 157),
(14799, 157),
(14804, 157),
(14805, 157),
(14806, 157),
(14808, 157),
(14809, 157),
(14811, 157),
(14812, 157),
(14813, 157),
(14816, 157),
(14817, 157),
(14820, 157),
(14821, 157),
(14822, 157),
(14823, 157),
(14824, 157),
(14826, 157),
(14828, 157),
(14834, 157),
(14835, 157),
(14836, 157),
(14838, 157),
(14839, 157),
(14840, 157),
(14841, 157),
(14842, 157),
(14843, 157),
(14846, 157),
(14849, 157),
(14851, 157),
(14852, 157),
(14861, 157),
(14866, 157),
(14868, 157),
(14872, 157),
(14873, 157),
(14876, 157),
(14878, 157),
(14879, 157),
(14881, 157),
(14914, 157),
(14927, 157),
(15002, 157),
(13564, 158),
(13961, 158),
(13968, 158),
(13973, 158),
(13979, 158),
(13984, 158),
(13989, 158),
(13990, 158),
(13994, 158),
(14000, 158),
(14004, 158),
(14008, 158),
(14009, 158),
(14015, 158),
(14018, 158),
(14019, 158),
(14027, 158),
(14029, 158),
(14032, 158),
(14046, 158),
(14047, 158),
(14053, 158),
(14054, 158),
(14060, 158),
(14063, 158),
(14066, 158),
(14068, 158),
(14071, 158),
(14072, 158),
(14076, 158),
(14077, 158),
(14081, 158),
(14082, 158),
(14086, 158),
(14095, 158),
(14097, 158),
(14102, 158),
(14106, 158),
(14109, 158),
(14112, 158),
(14115, 158),
(14116, 158),
(14117, 158),
(14118, 158),
(14119, 158),
(14120, 158),
(14123, 158),
(14124, 158),
(14129, 158),
(14130, 158),
(14143, 158),
(14150, 158),
(14151, 158),
(14154, 158),
(14155, 158),
(14156, 158),
(14159, 158),
(14160, 158),
(14163, 158),
(14164, 158),
(14166, 158),
(14167, 158),
(14168, 158),
(14170, 158),
(14171, 158),
(14172, 158),
(14174, 158),
(14175, 158),
(14176, 158),
(14179, 158),
(14183, 158),
(14189, 158),
(14193, 158),
(14195, 158),
(14196, 158),
(14197, 158),
(14202, 158),
(14203, 158),
(14204, 158),
(14207, 158),
(14209, 158),
(14214, 158),
(14215, 158),
(14216, 158),
(14219, 158),
(14224, 158),
(14225, 158),
(14227, 158),
(14228, 158),
(14229, 158),
(14231, 158),
(14233, 158),
(14239, 158),
(14241, 158),
(14243, 158),
(14246, 158),
(14247, 158),
(14250, 158),
(14252, 158),
(14254, 158),
(14255, 158),
(14256, 158),
(14257, 158),
(14259, 158),
(14260, 158),
(14261, 158),
(14263, 158),
(14264, 158),
(14267, 158),
(14269, 158),
(14271, 158),
(14274, 158),
(14275, 158),
(14277, 158),
(14282, 158),
(14284, 158),
(14287, 158),
(14289, 158),
(14290, 158),
(14294, 158),
(14295, 158),
(14298, 158),
(14304, 158),
(14305, 158),
(14308, 158),
(14311, 158),
(14315, 158),
(14316, 158),
(14321, 158),
(14327, 158),
(14328, 158),
(14329, 158),
(14330, 158),
(14331, 158),
(14332, 158),
(14334, 158),
(14337, 158),
(14339, 158),
(14341, 158),
(14343, 158),
(14345, 158),
(14346, 158),
(14353, 158),
(14354, 158),
(14355, 158),
(14357, 158),
(14358, 158),
(14359, 158),
(14360, 158),
(14363, 158),
(14370, 158),
(14372, 158),
(14376, 158),
(14377, 158),
(14379, 158),
(14548, 158),
(14555, 158),
(14565, 158),
(14567, 158),
(14583, 158),
(14587, 158),
(14611, 158),
(14623, 158),
(14633, 158),
(14644, 158),
(14661, 158),
(14667, 158),
(14668, 158),
(14669, 158),
(14689, 158),
(14706, 158),
(14713, 158),
(14740, 158),
(14761, 158),
(14765, 158),
(14789, 158),
(14794, 158),
(14797, 158),
(14810, 158),
(14814, 158),
(14818, 158),
(14830, 158),
(14833, 158),
(14854, 158),
(14858, 158),
(14860, 158),
(14864, 158),
(14883, 158),
(14884, 158),
(14885, 158),
(14886, 158),
(14888, 158),
(14889, 158),
(14890, 158),
(14891, 158),
(14892, 158),
(14893, 158),
(14894, 158),
(14895, 158),
(14896, 158),
(14897, 158),
(14898, 158),
(14899, 158),
(14902, 158),
(14903, 158),
(14904, 158),
(14905, 158),
(14906, 158),
(14907, 158),
(14909, 158),
(14910, 158),
(14911, 158),
(14912, 158),
(14913, 158),
(14915, 158),
(14916, 158),
(14917, 158),
(14918, 158),
(14919, 158),
(14924, 158),
(14925, 158),
(14928, 158),
(14929, 158),
(14930, 158),
(14931, 158),
(14933, 158),
(14935, 158),
(14936, 158),
(14937, 158),
(14939, 158),
(14940, 158),
(14941, 158),
(14942, 158),
(14454, 161),
(14455, 161),
(14457, 161),
(14458, 161),
(14459, 161),
(14461, 161),
(14463, 161),
(14465, 161),
(14466, 161),
(14467, 161),
(14468, 161),
(14471, 161),
(14472, 161),
(14473, 161),
(14474, 161),
(14475, 161),
(14478, 161),
(14481, 161),
(14483, 161),
(14489, 161),
(14490, 161),
(14491, 161),
(14492, 161),
(14493, 161),
(14498, 161),
(14499, 161),
(14500, 161),
(14501, 161),
(14502, 161),
(14503, 161),
(14505, 161),
(14506, 161),
(15904, 162),
(15907, 162),
(15908, 162),
(15911, 162),
(15912, 162),
(15916, 162),
(15919, 162),
(15920, 162),
(15923, 162),
(15924, 162),
(15927, 162),
(15928, 162),
(15931, 162),
(15932, 162),
(15935, 162),
(15936, 162),
(15940, 162),
(15943, 162),
(15944, 162),
(15947, 162),
(15948, 162),
(15951, 162),
(15952, 162),
(15955, 162),
(15956, 162),
(15959, 162),
(15960, 162),
(15963, 162),
(15905, 163),
(15906, 163),
(15909, 163),
(15910, 163),
(15913, 163),
(15914, 163),
(15917, 163),
(15918, 163),
(15921, 163),
(15922, 163),
(15925, 163),
(15926, 163),
(15929, 163),
(15930, 163),
(15933, 163),
(15934, 163),
(15937, 163),
(15938, 163),
(15941, 163),
(15945, 163),
(15946, 163),
(15949, 163),
(15950, 163),
(15953, 163),
(15954, 163),
(15957, 163),
(15958, 163),
(15962, 163),
(15666, 166),
(15679, 166),
(15681, 166),
(15687, 166),
(15693, 166),
(15694, 166),
(15696, 166),
(15729, 166),
(15733, 166),
(15744, 166),
(15757, 166),
(15766, 166),
(15768, 166),
(15771, 166),
(15776, 166),
(15777, 166),
(15778, 166),
(15785, 166),
(15807, 166),
(15816, 166),
(15818, 166),
(15827, 166),
(15844, 166),
(15848, 166),
(15872, 166),
(15874, 166),
(15886, 166),
(15889, 166),
(16041, 166),
(16063, 166),
(16067, 166),
(15646, 170),
(15650, 170),
(15663, 170),
(15664, 170),
(15665, 170),
(15672, 170),
(15676, 170),
(15678, 170),
(15682, 170),
(15685, 170),
(15704, 170),
(15708, 170),
(15713, 170),
(15715, 170),
(15734, 170),
(15740, 170),
(15742, 170),
(15746, 170),
(15747, 170),
(15750, 170),
(15752, 170),
(15761, 170),
(15770, 170),
(15772, 170),
(15774, 170),
(15775, 170),
(15782, 170),
(15786, 170),
(15793, 170),
(15795, 170),
(15802, 170),
(15803, 170),
(15810, 170),
(15812, 170),
(15819, 170),
(15822, 170),
(15829, 170),
(15830, 170),
(15832, 170),
(15834, 170),
(15836, 170),
(15842, 170),
(15852, 170),
(15853, 170),
(15857, 170),
(15860, 170),
(15863, 170),
(15864, 170),
(15877, 170),
(15890, 170),
(15892, 170),
(15895, 170),
(15898, 170),
(16029, 170),
(16037, 170),
(16043, 170),
(16047, 170),
(16057, 170),
(16058, 170),
(16064, 170),
(16069, 170),
(15459, 172),
(15463, 172),
(15471, 172),
(15472, 172),
(15473, 172),
(15474, 172),
(15475, 172),
(15481, 172),
(15483, 172),
(15487, 172),
(15489, 172),
(15490, 172),
(15493, 172),
(15499, 172),
(15504, 172),
(15507, 172),
(15510, 172),
(15511, 172),
(15513, 172),
(15515, 172),
(15519, 172),
(15524, 172),
(15528, 172),
(15529, 172),
(15533, 172),
(15534, 172),
(15536, 172),
(15539, 172),
(15540, 172),
(15541, 172),
(15542, 172),
(15545, 172),
(15546, 172),
(15547, 172),
(15550, 172),
(15551, 172),
(15557, 172),
(15558, 172),
(15561, 172),
(15563, 172),
(15564, 172),
(15566, 172),
(15568, 172),
(15569, 172),
(15571, 172),
(15572, 172),
(15575, 172),
(15576, 172),
(15577, 172),
(15580, 172),
(15581, 172),
(15583, 172),
(15589, 172),
(15594, 172),
(15595, 172),
(15597, 172),
(15600, 172),
(15601, 172),
(15602, 172),
(15603, 172),
(15605, 172),
(15606, 172),
(15612, 172),
(15614, 172),
(15615, 172),
(15616, 172),
(15618, 172),
(15620, 172),
(15625, 172),
(15626, 172),
(15627, 172),
(15628, 172),
(15630, 172),
(15631, 172),
(15632, 172),
(15633, 172),
(15635, 172),
(15641, 172),
(15643, 172),
(15644, 172),
(15645, 172),
(16126, 172),
(14456, 174),
(14464, 174),
(14480, 174),
(14482, 174),
(14487, 174),
(14497, 174),
(14513, 174),
(14550, 174),
(14554, 174),
(14557, 174),
(14558, 174),
(14559, 174),
(14560, 174),
(14563, 174),
(14573, 174),
(14581, 174),
(14582, 174),
(14589, 174),
(14590, 174),
(14591, 174),
(14592, 174),
(14593, 174),
(14597, 174),
(14604, 174),
(14610, 174),
(14612, 174),
(14614, 174),
(14622, 174),
(14624, 174),
(14625, 174),
(14626, 174),
(14627, 174),
(14628, 174),
(14629, 174),
(14630, 174),
(14631, 174),
(14634, 174),
(14636, 174),
(14639, 174),
(14643, 174),
(14645, 174),
(14647, 174),
(14648, 174),
(14653, 174),
(14659, 174),
(14666, 174),
(14679, 174),
(14681, 174),
(14687, 174),
(14690, 174),
(14699, 174),
(14700, 174),
(14701, 174),
(14702, 174),
(14707, 174),
(14708, 174),
(14712, 174),
(14714, 174),
(14715, 174),
(14726, 174),
(14729, 174),
(14739, 174),
(14746, 174),
(14749, 174),
(14753, 174),
(14759, 174),
(14760, 174),
(14766, 174),
(14767, 174),
(14769, 174),
(14776, 174),
(14777, 174),
(14782, 174),
(14786, 174),
(14788, 174),
(14791, 174),
(14792, 174),
(14796, 174),
(14800, 174),
(14801, 174),
(14802, 174),
(14825, 174),
(14827, 174),
(14829, 174),
(14837, 174),
(14848, 174),
(14857, 174),
(14863, 174),
(14865, 174),
(14875, 174),
(15650, 180),
(15655, 180),
(15657, 180),
(15659, 180),
(15662, 180),
(15664, 180),
(15666, 180),
(15668, 180),
(15669, 180),
(15676, 180),
(15678, 180),
(15679, 180),
(15681, 180),
(15684, 180),
(15685, 180),
(15687, 180),
(15688, 180),
(15691, 180),
(15693, 180),
(15694, 180),
(15696, 180),
(15701, 180),
(15702, 180),
(15704, 180),
(15707, 180),
(15710, 180),
(15720, 180),
(15721, 180),
(15723, 180),
(15725, 180),
(15729, 180),
(15730, 180),
(15732, 180),
(15733, 180),
(15734, 180),
(15735, 180),
(15738, 180),
(15740, 180),
(15744, 180),
(15747, 180),
(15751, 180),
(15753, 180),
(15757, 180),
(15760, 180),
(15761, 180),
(15764, 180),
(15766, 180),
(15768, 180),
(15771, 180),
(15772, 180),
(15776, 180),
(15777, 180),
(15778, 180),
(15779, 180),
(15780, 180),
(15782, 180),
(15783, 180),
(15785, 180),
(15786, 180),
(15791, 180),
(15793, 180),
(15794, 180),
(15797, 180),
(15799, 180),
(15801, 180),
(15802, 180),
(15807, 180),
(15815, 180),
(15816, 180),
(15817, 180),
(15818, 180),
(15819, 180),
(15821, 180),
(15825, 180),
(15827, 180),
(15834, 180),
(15836, 180),
(15842, 180),
(15844, 180),
(15846, 180),
(15848, 180),
(15850, 180),
(15852, 180),
(15855, 180),
(15856, 180),
(15860, 180),
(15865, 180),
(15866, 180),
(15868, 180),
(15869, 180),
(15870, 180),
(15872, 180),
(15873, 180),
(15874, 180),
(15879, 180),
(15883, 180),
(15885, 180),
(15886, 180),
(15889, 180),
(15891, 180),
(15895, 180),
(15900, 180),
(15901, 180),
(16032, 180),
(16034, 180),
(16037, 180),
(16038, 180),
(16039, 180),
(16041, 180),
(16042, 180),
(16043, 180),
(16046, 180),
(16047, 180),
(16048, 180),
(16049, 180),
(16051, 180),
(16052, 180),
(16055, 180),
(16056, 180),
(16057, 180),
(16058, 180),
(16060, 180),
(16062, 180),
(16063, 180),
(16064, 180),
(16067, 180),
(16069, 180),
(16070, 180),
(14456, 182),
(14464, 182),
(14480, 182),
(14482, 182),
(14487, 182),
(14497, 182),
(14513, 182),
(14550, 182),
(14554, 182),
(14557, 182),
(14558, 182),
(14559, 182),
(14560, 182),
(14563, 182),
(14573, 182),
(14581, 182),
(14582, 182),
(14589, 182),
(14590, 182),
(14591, 182),
(14592, 182),
(14593, 182),
(14597, 182),
(14604, 182),
(14610, 182),
(14612, 182),
(14614, 182),
(14622, 182),
(14624, 182),
(14625, 182),
(14626, 182),
(14627, 182),
(14628, 182),
(14629, 182),
(14630, 182),
(14631, 182),
(14634, 182),
(14636, 182),
(14639, 182),
(14643, 182),
(14645, 182),
(14647, 182),
(14648, 182),
(14653, 182),
(14659, 182),
(14666, 182),
(14679, 182),
(14681, 182),
(14687, 182),
(14690, 182),
(14699, 182),
(14700, 182),
(14701, 182),
(14702, 182),
(14707, 182),
(14708, 182),
(14712, 182),
(14714, 182),
(14715, 182),
(14726, 182),
(14729, 182),
(14739, 182),
(14746, 182),
(14749, 182),
(14753, 182),
(14759, 182),
(14760, 182),
(14766, 182),
(14767, 182),
(14769, 182),
(14776, 182),
(14777, 182),
(14782, 182),
(14786, 182),
(14788, 182),
(14791, 182),
(14792, 182),
(14796, 182),
(14800, 182),
(14801, 182),
(14802, 182),
(14825, 182),
(14827, 182),
(14829, 182),
(14837, 182),
(14848, 182),
(14857, 182),
(14863, 182),
(14865, 182),
(14875, 182),
(15460, 183),
(15467, 183),
(15470, 183),
(15480, 183),
(15495, 183),
(15496, 183),
(15509, 183),
(15523, 183),
(15525, 183),
(15543, 183),
(15548, 183),
(15565, 183),
(15567, 183),
(15573, 183),
(15574, 183),
(15588, 183),
(15609, 183),
(15610, 183),
(15611, 183),
(15613, 183),
(15623, 183),
(15636, 183),
(15640, 183),
(15905, 183),
(15906, 183),
(15909, 183),
(15910, 183),
(15913, 183),
(15914, 183),
(15917, 183),
(15918, 183),
(15921, 183),
(15922, 183),
(15925, 183),
(15926, 183),
(15929, 183),
(15930, 183),
(15933, 183),
(15934, 183),
(15937, 183),
(15938, 183),
(15941, 183),
(15945, 183),
(15946, 183),
(15949, 183),
(15950, 183),
(15953, 183),
(15954, 183),
(15957, 183),
(15958, 183),
(15962, 183),
(16082, 183),
(16085, 183),
(16086, 183),
(16087, 183),
(16090, 183),
(16091, 183),
(16094, 183),
(16096, 183),
(16104, 183),
(16109, 183),
(16111, 183),
(16116, 183),
(16135, 183),
(16136, 183),
(16137, 183),
(16140, 183),
(16143, 183),
(16145, 183),
(16160, 183),
(15647, 184),
(15649, 184),
(15650, 184),
(15651, 184),
(15652, 184),
(15653, 184),
(15654, 184),
(15657, 184),
(15660, 184),
(15661, 184),
(15662, 184),
(15664, 184),
(15668, 184),
(15669, 184),
(15670, 184),
(15671, 184),
(15673, 184),
(15675, 184),
(15676, 184),
(15678, 184),
(15680, 184),
(15683, 184),
(15684, 184),
(15685, 184),
(15688, 184),
(15689, 184),
(15690, 184),
(15699, 184),
(15700, 184),
(15701, 184),
(15703, 184),
(15704, 184),
(15705, 184),
(15707, 184),
(15710, 184),
(15711, 184),
(15712, 184),
(15721, 184),
(15723, 184),
(15724, 184),
(15725, 184),
(15730, 184),
(15731, 184),
(15732, 184),
(15734, 184),
(15738, 184),
(15740, 184),
(15741, 184),
(15745, 184),
(15747, 184),
(15749, 184),
(15753, 184),
(15759, 184),
(15760, 184),
(15761, 184),
(15763, 184),
(15765, 184),
(15772, 184),
(15779, 184),
(15780, 184),
(15781, 184),
(15782, 184),
(15783, 184),
(15786, 184),
(15787, 184),
(15789, 184),
(15790, 184),
(15792, 184),
(15793, 184),
(15796, 184),
(15798, 184),
(15802, 184),
(15806, 184),
(15809, 184),
(15811, 184),
(15819, 184),
(15820, 184),
(15821, 184),
(15825, 184),
(15828, 184),
(15831, 184),
(15833, 184),
(15834, 184),
(15836, 184),
(15840, 184),
(15841, 184),
(15842, 184),
(15843, 184),
(15845, 184),
(15847, 184),
(15850, 184),
(15851, 184),
(15852, 184),
(15854, 184),
(15855, 184),
(15858, 184),
(15860, 184),
(15862, 184),
(15866, 184),
(15867, 184),
(15869, 184),
(15870, 184),
(15871, 184),
(15876, 184),
(15879, 184),
(15880, 184),
(15883, 184),
(15884, 184),
(15885, 184),
(15887, 184),
(15891, 184),
(15893, 184),
(15894, 184),
(15895, 184),
(15897, 184),
(15899, 184),
(15902, 184),
(15903, 184),
(16028, 184),
(16034, 184),
(16035, 184),
(16037, 184),
(16040, 184),
(16042, 184),
(16043, 184),
(16047, 184),
(16048, 184),
(16049, 184),
(16052, 184),
(16054, 184),
(16056, 184),
(16057, 184),
(16058, 184),
(16061, 184),
(16064, 184),
(16068, 184),
(16069, 184),
(16071, 184),
(15463, 187),
(15465, 187),
(15469, 187),
(15473, 187),
(15474, 187),
(15486, 187),
(15487, 187),
(15488, 187),
(15489, 187),
(15490, 187),
(15493, 187),
(15502, 187),
(15504, 187),
(15510, 187),
(15511, 187),
(15515, 187),
(15516, 187),
(15526, 187),
(15527, 187),
(15530, 187),
(15533, 187),
(15534, 187),
(15537, 187),
(15538, 187),
(15539, 187),
(15540, 187),
(15542, 187),
(15545, 187),
(15551, 187),
(15557, 187),
(15558, 187),
(15560, 187),
(15561, 187),
(15562, 187),
(15563, 187),
(15564, 187),
(15569, 187),
(15570, 187),
(15576, 187),
(15577, 187),
(15581, 187),
(15587, 187),
(15589, 187),
(15591, 187),
(15593, 187),
(15594, 187),
(15595, 187),
(15596, 187),
(15601, 187),
(15603, 187),
(15606, 187),
(15607, 187),
(15612, 187),
(15616, 187),
(15617, 187),
(15627, 187),
(15629, 187),
(15630, 187),
(15635, 187),
(15643, 187),
(15644, 187),
(16093, 187),
(16099, 187),
(16102, 187),
(16103, 187),
(16113, 187),
(16114, 187),
(16115, 187),
(16118, 187),
(16120, 187),
(16123, 187),
(16124, 187),
(16130, 187),
(16131, 187),
(16139, 187),
(16141, 187),
(16146, 187),
(16152, 187),
(15457, 188),
(15458, 188),
(15459, 188),
(15461, 188),
(15462, 188),
(15464, 188),
(15466, 188),
(15468, 188),
(15471, 188),
(15472, 188),
(15475, 188),
(15477, 188),
(15478, 188),
(15479, 188),
(15481, 188),
(15482, 188),
(15483, 188),
(15484, 188),
(15485, 188),
(15491, 188),
(15492, 188),
(15494, 188),
(15498, 188),
(15499, 188),
(15500, 188),
(15501, 188),
(15506, 188),
(15507, 188),
(15512, 188),
(15513, 188),
(15514, 188),
(15517, 188),
(15518, 188),
(15519, 188),
(15520, 188),
(15521, 188);
INSERT INTO `student_teacher` (`student_ID`, `teacher_ID`) VALUES
(15522, 188),
(15524, 188),
(15528, 188),
(15529, 188),
(15531, 188),
(15532, 188),
(15535, 188),
(15536, 188),
(15541, 188),
(15544, 188),
(15546, 188),
(15547, 188),
(15549, 188),
(15550, 188),
(15552, 188),
(15553, 188),
(15555, 188),
(15556, 188),
(15566, 188),
(15568, 188),
(15571, 188),
(15572, 188),
(15575, 188),
(15578, 188),
(15579, 188),
(15580, 188),
(15582, 188),
(15583, 188),
(15584, 188),
(15586, 188),
(15590, 188),
(15592, 188),
(15597, 188),
(15599, 188),
(15600, 188),
(15602, 188),
(15604, 188),
(15605, 188),
(15608, 188),
(15614, 188),
(15615, 188),
(15618, 188),
(15620, 188),
(15621, 188),
(15624, 188),
(15625, 188),
(15626, 188),
(15628, 188),
(15631, 188),
(15632, 188),
(15633, 188),
(15634, 188),
(15637, 188),
(15638, 188),
(15639, 188),
(15641, 188),
(15642, 188),
(15645, 188),
(15904, 188),
(15907, 188),
(15908, 188),
(15911, 188),
(15912, 188),
(15916, 188),
(15919, 188),
(15920, 188),
(15923, 188),
(15924, 188),
(15927, 188),
(15928, 188),
(15931, 188),
(15932, 188),
(15935, 188),
(15936, 188),
(15940, 188),
(15943, 188),
(15944, 188),
(15947, 188),
(15948, 188),
(15951, 188),
(15952, 188),
(15955, 188),
(15956, 188),
(15959, 188),
(15960, 188),
(15963, 188),
(16081, 188),
(16083, 188),
(16084, 188),
(16089, 188),
(16095, 188),
(16097, 188),
(16098, 188),
(16100, 188),
(16101, 188),
(16105, 188),
(16106, 188),
(16107, 188),
(16108, 188),
(16110, 188),
(16112, 188),
(16121, 188),
(16122, 188),
(16125, 188),
(16126, 188),
(16128, 188),
(16133, 188),
(16142, 188),
(16144, 188),
(16148, 188),
(16151, 188),
(16154, 188),
(16158, 188),
(16162, 188),
(14884, 192),
(14885, 192),
(14886, 192),
(14888, 192),
(14889, 192),
(14890, 192),
(14891, 192),
(14892, 192),
(14893, 192),
(14894, 192),
(14895, 192),
(14896, 192),
(14897, 192),
(14898, 192),
(14899, 192),
(14902, 192),
(14903, 192),
(14904, 192),
(14905, 192),
(14906, 192),
(14907, 192),
(14909, 192),
(14910, 192),
(14911, 192),
(14912, 192),
(14913, 192),
(14915, 192),
(14916, 192),
(14917, 192),
(14918, 192),
(14919, 192),
(14924, 192),
(14925, 192),
(14928, 192),
(14929, 192),
(14930, 192),
(14931, 192),
(14933, 192),
(14935, 192),
(14936, 192),
(14937, 192),
(14939, 192),
(14940, 192),
(14941, 192),
(14942, 192),
(15655, 193),
(15659, 193),
(15666, 193),
(15679, 193),
(15681, 193),
(15687, 193),
(15691, 193),
(15693, 193),
(15694, 193),
(15696, 193),
(15702, 193),
(15720, 193),
(15729, 193),
(15733, 193),
(15735, 193),
(15744, 193),
(15751, 193),
(15757, 193),
(15764, 193),
(15766, 193),
(15768, 193),
(15771, 193),
(15776, 193),
(15777, 193),
(15778, 193),
(15785, 193),
(15791, 193),
(15794, 193),
(15797, 193),
(15799, 193),
(15801, 193),
(15807, 193),
(15815, 193),
(15816, 193),
(15817, 193),
(15818, 193),
(15827, 193),
(15844, 193),
(15846, 193),
(15848, 193),
(15856, 193),
(15865, 193),
(15868, 193),
(15872, 193),
(15873, 193),
(15874, 193),
(15886, 193),
(15889, 193),
(15900, 193),
(15901, 193),
(16032, 193),
(16038, 193),
(16039, 193),
(16041, 193),
(16046, 193),
(16051, 193),
(16055, 193),
(16060, 193),
(16062, 193),
(16063, 193),
(16067, 193),
(16070, 193),
(15457, 197),
(15458, 197),
(15459, 197),
(15461, 197),
(15462, 197),
(15464, 197),
(15466, 197),
(15468, 197),
(15471, 197),
(15472, 197),
(15475, 197),
(15477, 197),
(15478, 197),
(15479, 197),
(15481, 197),
(15482, 197),
(15483, 197),
(15484, 197),
(15485, 197),
(15491, 197),
(15492, 197),
(15494, 197),
(15498, 197),
(15499, 197),
(15500, 197),
(15501, 197),
(15506, 197),
(15507, 197),
(15512, 197),
(15513, 197),
(15514, 197),
(15517, 197),
(15518, 197),
(15519, 197),
(15520, 197),
(15521, 197),
(15522, 197),
(15524, 197),
(15528, 197),
(15529, 197),
(15531, 197),
(15532, 197),
(15535, 197),
(15536, 197),
(15541, 197),
(15544, 197),
(15546, 197),
(15547, 197),
(15549, 197),
(15550, 197),
(15552, 197),
(15553, 197),
(15555, 197),
(15556, 197),
(15566, 197),
(15568, 197),
(15571, 197),
(15572, 197),
(15575, 197),
(15578, 197),
(15579, 197),
(15580, 197),
(15582, 197),
(15583, 197),
(15584, 197),
(15586, 197),
(15590, 197),
(15592, 197),
(15597, 197),
(15599, 197),
(15600, 197),
(15602, 197),
(15604, 197),
(15605, 197),
(15608, 197),
(15614, 197),
(15615, 197),
(15618, 197),
(15620, 197),
(15621, 197),
(15624, 197),
(15625, 197),
(15626, 197),
(15628, 197),
(15631, 197),
(15632, 197),
(15633, 197),
(15634, 197),
(15637, 197),
(15638, 197),
(15639, 197),
(15641, 197),
(15642, 197),
(15645, 197),
(15904, 197),
(15907, 197),
(15908, 197),
(15911, 197),
(15912, 197),
(15916, 197),
(15919, 197),
(15920, 197),
(15923, 197),
(15924, 197),
(15927, 197),
(15928, 197),
(15931, 197),
(15932, 197),
(15935, 197),
(15936, 197),
(15940, 197),
(15943, 197),
(15944, 197),
(15947, 197),
(15948, 197),
(15951, 197),
(15952, 197),
(15955, 197),
(15956, 197),
(15959, 197),
(15960, 197),
(15963, 197),
(16081, 197),
(16083, 197),
(16084, 197),
(16089, 197),
(16095, 197),
(16097, 197),
(16098, 197),
(16100, 197),
(16101, 197),
(16105, 197),
(16106, 197),
(16107, 197),
(16108, 197),
(16110, 197),
(16112, 197),
(16121, 197),
(16122, 197),
(16125, 197),
(16126, 197),
(16128, 197),
(16133, 197),
(16142, 197),
(16144, 197),
(16148, 197),
(16151, 197),
(16154, 197),
(16158, 197),
(16162, 197),
(13564, 213),
(13685, 213),
(13947, 213),
(13949, 213),
(13950, 213),
(13951, 213),
(13952, 213),
(13953, 213),
(13954, 213),
(13955, 213),
(13956, 213),
(13957, 213),
(13958, 213),
(13959, 213),
(13960, 213),
(13961, 213),
(13962, 213),
(13963, 213),
(13964, 213),
(13965, 213),
(13966, 213),
(13968, 213),
(13969, 213),
(13970, 213),
(13971, 213),
(13973, 213),
(13974, 213),
(13975, 213),
(13976, 213),
(13977, 213),
(13979, 213),
(13980, 213),
(13981, 213),
(13982, 213),
(13983, 213),
(13984, 213),
(13985, 213),
(13986, 213),
(13987, 213),
(13988, 213),
(13989, 213),
(13990, 213),
(13992, 213),
(13993, 213),
(13994, 213),
(13995, 213),
(13996, 213),
(13998, 213),
(13999, 213),
(14000, 213),
(14001, 213),
(14002, 213),
(14003, 213),
(14004, 213),
(14005, 213),
(14008, 213),
(14009, 213),
(14010, 213),
(14011, 213),
(14012, 213),
(14013, 213),
(14014, 213),
(14015, 213),
(14017, 213),
(14018, 213),
(14019, 213),
(14020, 213),
(14021, 213),
(14022, 213),
(14023, 213),
(14024, 213),
(14025, 213),
(14026, 213),
(14027, 213),
(14028, 213),
(14029, 213),
(14030, 213),
(14031, 213),
(14032, 213),
(14033, 213),
(14034, 213),
(14035, 213),
(14036, 213),
(14037, 213),
(14038, 213),
(14039, 213),
(14040, 213),
(14041, 213),
(14042, 213),
(14043, 213),
(14045, 213),
(14046, 213),
(14047, 213),
(14048, 213),
(14049, 213),
(14050, 213),
(14051, 213),
(14052, 213),
(14053, 213),
(14054, 213),
(14055, 213),
(14056, 213),
(14057, 213),
(14058, 213),
(14059, 213),
(14060, 213),
(14061, 213),
(14062, 213),
(14063, 213),
(14064, 213),
(14065, 213),
(14066, 213),
(14067, 213),
(14068, 213),
(14069, 213),
(14070, 213),
(14071, 213),
(14072, 213),
(14073, 213),
(14075, 213),
(14076, 213),
(14077, 213),
(14078, 213),
(14079, 213),
(14080, 213),
(14081, 213),
(14082, 213),
(14083, 213),
(14084, 213),
(14085, 213),
(14086, 213),
(14088, 213),
(14089, 213),
(14090, 213),
(14091, 213),
(14092, 213),
(14093, 213),
(14094, 213),
(14095, 213),
(14096, 213),
(14097, 213),
(14098, 213),
(14099, 213),
(14100, 213),
(14101, 213),
(14102, 213),
(14103, 213),
(14104, 213),
(14105, 213),
(14106, 213),
(14107, 213),
(14108, 213),
(14109, 213),
(14110, 213),
(14111, 213),
(14112, 213),
(14113, 213),
(14114, 213),
(14115, 213),
(14116, 213),
(14117, 213),
(14118, 213),
(14119, 213),
(14120, 213),
(14122, 213),
(14123, 213),
(14124, 213),
(14126, 213),
(14128, 213),
(14129, 213),
(14130, 213),
(14131, 213),
(14132, 213),
(14133, 213),
(14134, 213),
(14135, 213),
(14136, 213),
(14137, 213),
(14138, 213),
(14139, 213),
(14140, 213),
(14141, 213),
(14142, 213),
(14143, 213),
(14144, 213),
(14145, 213),
(14146, 213),
(14147, 213),
(14148, 213),
(14150, 213),
(14151, 213),
(14152, 213),
(14153, 213),
(14154, 213),
(14155, 213),
(14156, 213),
(14157, 213),
(14158, 213),
(14159, 213),
(14160, 213),
(14161, 213),
(14162, 213),
(14163, 213),
(14164, 213),
(14165, 213),
(14166, 213),
(14167, 213),
(14168, 213),
(14169, 213),
(14170, 213),
(14171, 213),
(14172, 213),
(14173, 213),
(14174, 213),
(14175, 213),
(14176, 213),
(14177, 213),
(14178, 213),
(14179, 213),
(14180, 213),
(14181, 213),
(14182, 213),
(14183, 213),
(14184, 213),
(14188, 213),
(14189, 213),
(14191, 213),
(14192, 213),
(14193, 213),
(14194, 213),
(14195, 213),
(14196, 213),
(14197, 213),
(14199, 213),
(14200, 213),
(14201, 213),
(14202, 213),
(14203, 213),
(14204, 213),
(14206, 213),
(14207, 213),
(14208, 213),
(14209, 213),
(14211, 213),
(14212, 213),
(14213, 213),
(14214, 213),
(14215, 213),
(14216, 213),
(14217, 213),
(14218, 213),
(14219, 213),
(14220, 213),
(14221, 213),
(14222, 213),
(14223, 213),
(14224, 213),
(14225, 213),
(14226, 213),
(14227, 213),
(14228, 213),
(14229, 213),
(14230, 213),
(14231, 213),
(14232, 213),
(14233, 213),
(14234, 213),
(14235, 213),
(14236, 213),
(14237, 213),
(14238, 213),
(14239, 213),
(14240, 213),
(14241, 213),
(14243, 213),
(14245, 213),
(14246, 213),
(14247, 213),
(14248, 213),
(14250, 213),
(14251, 213),
(14252, 213),
(14253, 213),
(14254, 213),
(14255, 213),
(14256, 213),
(14257, 213),
(14258, 213),
(14259, 213),
(14260, 213),
(14261, 213),
(14262, 213),
(14263, 213),
(14264, 213),
(14266, 213),
(14267, 213),
(14268, 213),
(14269, 213),
(14270, 213),
(14271, 213),
(14272, 213),
(14274, 213),
(14275, 213),
(14277, 213),
(14278, 213),
(14279, 213),
(14280, 213),
(14281, 213),
(14282, 213),
(14283, 213),
(14284, 213),
(14285, 213),
(14286, 213),
(14287, 213),
(14289, 213),
(14290, 213),
(14291, 213),
(14292, 213),
(14293, 213),
(14294, 213),
(14295, 213),
(14296, 213),
(14297, 213),
(14298, 213),
(14299, 213),
(14300, 213),
(14302, 213),
(14304, 213),
(14305, 213),
(14306, 213),
(14307, 213),
(14308, 213),
(14309, 213),
(14310, 213),
(14311, 213),
(14312, 213),
(14313, 213),
(14314, 213),
(14315, 213),
(14316, 213),
(14317, 213),
(14318, 213),
(14319, 213),
(14320, 213),
(14321, 213),
(14322, 213),
(14323, 213),
(14324, 213),
(14325, 213),
(14326, 213),
(14327, 213),
(14328, 213),
(14329, 213),
(14330, 213),
(14331, 213),
(14332, 213),
(14334, 213),
(14335, 213),
(14336, 213),
(14337, 213),
(14338, 213),
(14339, 213),
(14340, 213),
(14341, 213),
(14342, 213),
(14343, 213),
(14345, 213),
(14346, 213),
(14347, 213),
(14348, 213),
(14351, 213),
(14353, 213),
(14354, 213),
(14355, 213),
(14357, 213),
(14358, 213),
(14359, 213),
(14360, 213),
(14361, 213),
(14362, 213),
(14363, 213),
(14369, 213),
(14370, 213),
(14372, 213),
(14373, 213),
(14376, 213),
(14377, 213),
(14379, 213),
(14449, 213),
(14518, 213),
(14522, 213),
(14526, 213),
(14535, 213),
(14539, 213),
(14548, 213),
(14549, 213),
(14551, 213),
(14553, 213),
(14555, 213),
(14556, 213),
(14561, 213),
(14562, 213),
(14565, 213),
(14567, 213),
(14570, 213),
(14571, 213),
(14575, 213),
(14576, 213),
(14578, 213),
(14579, 213),
(14583, 213),
(14585, 213),
(14587, 213),
(14598, 213),
(14601, 213),
(14603, 213),
(14609, 213),
(14611, 213),
(14618, 213),
(14619, 213),
(14623, 213),
(14633, 213),
(14640, 213),
(14642, 213),
(14644, 213),
(14651, 213),
(14654, 213),
(14658, 213),
(14661, 213),
(14663, 213),
(14665, 213),
(14667, 213),
(14668, 213),
(14669, 213),
(14670, 213),
(14674, 213),
(14677, 213),
(14680, 213),
(14683, 213),
(14686, 213),
(14688, 213),
(14689, 213),
(14691, 213),
(14692, 213),
(14697, 213),
(14706, 213),
(14710, 213),
(14711, 213),
(14713, 213),
(14717, 213),
(14722, 213),
(14725, 213),
(14728, 213),
(14732, 213),
(14733, 213),
(14734, 213),
(14740, 213),
(14750, 213),
(14756, 213),
(14761, 213),
(14763, 213),
(14764, 213),
(14765, 213),
(14768, 213),
(14772, 213),
(14774, 213),
(14780, 213),
(14781, 213),
(14784, 213),
(14787, 213),
(14789, 213),
(14794, 213),
(14795, 213),
(14797, 213),
(14798, 213),
(14799, 213),
(14804, 213),
(14806, 213),
(14810, 213),
(14812, 213),
(14813, 213),
(14814, 213),
(14817, 213),
(14818, 213),
(14821, 213),
(14822, 213),
(14823, 213),
(14826, 213),
(14830, 213),
(14833, 213),
(14834, 213),
(14835, 213),
(14836, 213),
(14838, 213),
(14839, 213),
(14840, 213),
(14842, 213),
(14846, 213),
(14849, 213),
(14852, 213),
(14854, 213),
(14858, 213),
(14860, 213),
(14861, 213),
(14864, 213),
(14872, 213),
(14873, 213),
(14876, 213),
(14878, 213),
(14881, 213),
(14883, 213),
(14884, 213),
(14885, 213),
(14886, 213),
(14888, 213),
(14889, 213),
(14890, 213),
(14891, 213),
(14892, 213),
(14893, 213),
(14894, 213),
(14895, 213),
(14896, 213),
(14897, 213),
(14898, 213),
(14899, 213),
(14902, 213),
(14903, 213),
(14904, 213),
(14905, 213),
(14906, 213),
(14907, 213),
(14909, 213),
(14910, 213),
(14911, 213),
(14912, 213),
(14913, 213),
(14914, 213),
(14915, 213),
(14916, 213),
(14917, 213),
(14918, 213),
(14919, 213),
(14924, 213),
(14925, 213),
(14927, 213),
(14928, 213),
(14929, 213),
(14930, 213),
(14931, 213),
(14933, 213),
(14935, 213),
(14936, 213),
(14937, 213),
(14939, 213),
(14940, 213),
(14941, 213),
(14942, 213),
(15457, 213),
(15458, 213),
(15459, 213),
(15460, 213),
(15461, 213),
(15462, 213),
(15463, 213),
(15464, 213),
(15465, 213),
(15466, 213),
(15467, 213),
(15468, 213),
(15469, 213),
(15470, 213),
(15471, 213),
(15472, 213),
(15473, 213),
(15474, 213),
(15475, 213),
(15477, 213),
(15478, 213),
(15479, 213),
(15480, 213),
(15481, 213),
(15482, 213),
(15483, 213),
(15484, 213),
(15485, 213),
(15486, 213),
(15487, 213),
(15488, 213),
(15489, 213),
(15490, 213),
(15491, 213),
(15492, 213),
(15493, 213),
(15494, 213),
(15495, 213),
(15496, 213),
(15498, 213),
(15499, 213),
(15500, 213),
(15501, 213),
(15502, 213),
(15504, 213),
(15506, 213),
(15507, 213),
(15509, 213),
(15510, 213),
(15511, 213),
(15512, 213),
(15513, 213),
(15514, 213),
(15515, 213),
(15516, 213),
(15517, 213),
(15518, 213),
(15519, 213),
(15520, 213),
(15521, 213),
(15522, 213),
(15523, 213),
(15524, 213),
(15525, 213),
(15526, 213),
(15527, 213),
(15528, 213),
(15529, 213),
(15530, 213),
(15531, 213),
(15532, 213),
(15533, 213),
(15534, 213),
(15535, 213),
(15536, 213),
(15537, 213),
(15538, 213),
(15539, 213),
(15540, 213),
(15541, 213),
(15542, 213),
(15543, 213),
(15544, 213),
(15545, 213),
(15546, 213),
(15547, 213),
(15548, 213),
(15549, 213),
(15550, 213),
(15551, 213),
(15552, 213),
(15553, 213),
(15555, 213),
(15556, 213),
(15557, 213),
(15558, 213),
(15560, 213),
(15561, 213),
(15562, 213),
(15563, 213),
(15564, 213),
(15565, 213),
(15566, 213),
(15567, 213),
(15568, 213),
(15569, 213),
(15570, 213),
(15571, 213),
(15572, 213),
(15573, 213),
(15574, 213),
(15575, 213),
(15576, 213),
(15577, 213),
(15578, 213),
(15579, 213),
(15580, 213),
(15581, 213),
(15582, 213),
(15583, 213),
(15584, 213),
(15586, 213),
(15587, 213),
(15588, 213),
(15589, 213),
(15590, 213),
(15591, 213),
(15592, 213),
(15593, 213),
(15594, 213),
(15595, 213),
(15596, 213),
(15597, 213),
(15599, 213),
(15600, 213),
(15601, 213),
(15602, 213),
(15603, 213),
(15604, 213),
(15605, 213),
(15606, 213),
(15607, 213),
(15608, 213),
(15609, 213),
(15610, 213),
(15611, 213),
(15612, 213),
(15613, 213),
(15614, 213),
(15615, 213),
(15616, 213),
(15617, 213),
(15618, 213),
(15620, 213),
(15621, 213),
(15623, 213),
(15624, 213),
(15625, 213),
(15626, 213),
(15627, 213),
(15628, 213),
(15629, 213),
(15630, 213),
(15631, 213),
(15632, 213),
(15633, 213),
(15634, 213),
(15635, 213),
(15636, 213),
(15637, 213),
(15638, 213),
(15639, 213),
(15640, 213),
(15641, 213),
(15642, 213),
(15643, 213),
(15644, 213),
(15645, 213),
(15904, 213),
(15905, 213),
(15906, 213),
(15907, 213),
(15908, 213),
(15909, 213),
(15910, 213),
(15911, 213),
(15912, 213),
(15913, 213),
(15914, 213),
(15916, 213),
(15917, 213),
(15918, 213),
(15919, 213),
(15920, 213),
(15921, 213),
(15922, 213),
(15923, 213),
(15924, 213),
(15925, 213),
(15926, 213),
(15927, 213),
(15928, 213),
(15929, 213),
(15930, 213),
(15931, 213),
(15932, 213),
(15933, 213),
(15934, 213),
(15935, 213),
(15936, 213),
(15937, 213),
(15938, 213),
(15940, 213),
(15941, 213),
(15943, 213),
(15944, 213),
(15945, 213),
(15946, 213),
(15947, 213),
(15948, 213),
(15949, 213),
(15950, 213),
(15951, 213),
(15952, 213),
(15953, 213),
(15954, 213),
(15955, 213),
(15956, 213),
(15957, 213),
(15958, 213),
(15959, 213),
(15960, 213),
(15962, 213),
(15963, 213),
(16081, 213),
(16082, 213),
(16083, 213),
(16084, 213),
(16085, 213),
(16086, 213),
(16087, 213),
(16089, 213),
(16090, 213),
(16091, 213),
(16093, 213),
(16094, 213),
(16095, 213),
(16096, 213),
(16097, 213),
(16098, 213),
(16099, 213),
(16100, 213),
(16101, 213),
(16102, 213),
(16103, 213),
(16104, 213),
(16105, 213),
(16106, 213),
(16107, 213),
(16108, 213),
(16109, 213),
(16110, 213),
(16111, 213),
(16112, 213),
(16113, 213),
(16114, 213),
(16115, 213),
(16116, 213),
(16118, 213),
(16120, 213),
(16121, 213),
(16122, 213),
(16123, 213),
(16124, 213),
(16125, 213),
(16126, 213),
(16128, 213),
(16130, 213),
(16131, 213),
(16133, 213),
(16135, 213),
(16136, 213),
(16137, 213),
(16139, 213),
(16140, 213),
(16141, 213),
(16142, 213),
(16143, 213),
(16144, 213),
(16145, 213),
(16146, 213),
(16148, 213),
(16151, 213),
(16152, 213),
(16154, 213),
(16158, 213),
(16160, 213),
(16162, 213),
(14454, 215),
(14455, 215),
(14456, 215),
(14457, 215),
(14458, 215),
(14459, 215),
(14461, 215),
(14463, 215),
(14464, 215),
(14465, 215),
(14466, 215),
(14467, 215),
(14468, 215),
(14471, 215),
(14472, 215),
(14473, 215),
(14474, 215),
(14475, 215),
(14478, 215),
(14480, 215),
(14481, 215),
(14482, 215),
(14483, 215),
(14487, 215),
(14489, 215),
(14490, 215),
(14491, 215),
(14492, 215),
(14493, 215),
(14497, 215),
(14498, 215),
(14499, 215),
(14500, 215),
(14501, 215),
(14502, 215),
(14503, 215),
(14505, 215),
(14506, 215),
(14513, 215),
(14514, 215),
(14515, 215),
(14517, 215),
(14519, 215),
(14550, 215),
(14554, 215),
(14557, 215),
(14558, 215),
(14559, 215),
(14560, 215),
(14563, 215),
(14566, 215),
(14568, 215),
(14572, 215),
(14573, 215),
(14574, 215),
(14580, 215),
(14581, 215),
(14582, 215),
(14589, 215),
(14590, 215),
(14591, 215),
(14592, 215),
(14593, 215),
(14594, 215),
(14596, 215),
(14597, 215),
(14599, 215),
(14600, 215),
(14602, 215),
(14604, 215),
(14605, 215),
(14607, 215),
(14608, 215),
(14610, 215),
(14612, 215),
(14613, 215),
(14614, 215),
(14615, 215),
(14622, 215),
(14624, 215),
(14625, 215),
(14626, 215),
(14627, 215),
(14628, 215),
(14629, 215),
(14630, 215),
(14631, 215),
(14634, 215),
(14635, 215),
(14636, 215),
(14639, 215),
(14641, 215),
(14643, 215),
(14645, 215),
(14647, 215),
(14648, 215),
(14649, 215),
(14650, 215),
(14653, 215),
(14659, 215),
(14662, 215),
(14666, 215),
(14673, 215),
(14675, 215),
(14679, 215),
(14681, 215),
(14684, 215),
(14685, 215),
(14687, 215),
(14690, 215),
(14694, 215),
(14696, 215),
(14698, 215),
(14699, 215),
(14700, 215),
(14701, 215),
(14702, 215),
(14705, 215),
(14707, 215),
(14708, 215),
(14709, 215),
(14712, 215),
(14714, 215),
(14715, 215),
(14718, 215),
(14721, 215),
(14723, 215),
(14726, 215),
(14729, 215),
(14731, 215),
(14739, 215),
(14742, 215),
(14745, 215),
(14746, 215),
(14748, 215),
(14749, 215),
(14753, 215),
(14754, 215),
(14759, 215),
(14760, 215),
(14766, 215),
(14767, 215),
(14769, 215),
(14775, 215),
(14776, 215),
(14777, 215),
(14778, 215),
(14779, 215),
(14782, 215),
(14785, 215),
(14786, 215),
(14788, 215),
(14791, 215),
(14792, 215),
(14796, 215),
(14800, 215),
(14801, 215),
(14802, 215),
(14805, 215),
(14808, 215),
(14809, 215),
(14811, 215),
(14816, 215),
(14820, 215),
(14824, 215),
(14825, 215),
(14827, 215),
(14828, 215),
(14829, 215),
(14837, 215),
(14841, 215),
(14843, 215),
(14848, 215),
(14851, 215),
(14857, 215),
(14863, 215),
(14865, 215),
(14866, 215),
(14868, 215),
(14875, 215),
(14879, 215),
(15002, 215),
(15646, 215),
(15647, 215),
(15648, 215),
(15649, 215),
(15650, 215),
(15651, 215),
(15652, 215),
(15653, 215),
(15654, 215),
(15655, 215),
(15656, 215),
(15657, 215),
(15659, 215),
(15660, 215),
(15661, 215),
(15662, 215),
(15663, 215),
(15664, 215),
(15665, 215),
(15666, 215),
(15668, 215),
(15669, 215),
(15670, 215),
(15671, 215),
(15672, 215),
(15673, 215),
(15675, 215),
(15676, 215),
(15677, 215),
(15678, 215),
(15679, 215),
(15680, 215),
(15681, 215),
(15682, 215),
(15683, 215),
(15684, 215),
(15685, 215),
(15687, 215),
(15688, 215),
(15689, 215),
(15690, 215),
(15691, 215),
(15692, 215),
(15693, 215),
(15694, 215),
(15696, 215),
(15697, 215),
(15699, 215),
(15700, 215),
(15701, 215),
(15702, 215),
(15703, 215),
(15704, 215),
(15705, 215),
(15706, 215),
(15707, 215),
(15708, 215),
(15709, 215),
(15710, 215),
(15711, 215),
(15712, 215),
(15713, 215),
(15714, 215),
(15715, 215),
(15716, 215),
(15717, 215),
(15720, 215),
(15721, 215),
(15722, 215),
(15723, 215),
(15724, 215),
(15725, 215),
(15729, 215),
(15730, 215),
(15731, 215),
(15732, 215),
(15733, 215),
(15734, 215),
(15735, 215),
(15737, 215),
(15738, 215),
(15739, 215),
(15740, 215),
(15741, 215),
(15742, 215),
(15743, 215),
(15744, 215),
(15745, 215),
(15746, 215),
(15747, 215),
(15749, 215),
(15750, 215),
(15751, 215),
(15752, 215),
(15753, 215),
(15756, 215),
(15757, 215),
(15758, 215),
(15759, 215),
(15760, 215),
(15761, 215),
(15762, 215),
(15763, 215),
(15764, 215),
(15765, 215),
(15766, 215),
(15767, 215),
(15768, 215),
(15769, 215),
(15770, 215),
(15771, 215),
(15772, 215),
(15773, 215),
(15774, 215),
(15775, 215),
(15776, 215),
(15777, 215),
(15778, 215),
(15779, 215),
(15780, 215),
(15781, 215),
(15782, 215),
(15783, 215),
(15784, 215),
(15785, 215),
(15786, 215),
(15787, 215),
(15788, 215),
(15789, 215),
(15790, 215),
(15791, 215),
(15792, 215),
(15793, 215),
(15794, 215),
(15795, 215),
(15796, 215),
(15797, 215),
(15798, 215),
(15799, 215),
(15800, 215),
(15801, 215),
(15802, 215),
(15803, 215),
(15804, 215),
(15805, 215),
(15806, 215),
(15807, 215),
(15808, 215),
(15809, 215),
(15810, 215),
(15811, 215),
(15812, 215),
(15813, 215),
(15814, 215),
(15815, 215),
(15816, 215),
(15817, 215),
(15818, 215),
(15819, 215),
(15820, 215),
(15821, 215),
(15822, 215),
(15825, 215),
(15826, 215),
(15827, 215),
(15828, 215),
(15829, 215),
(15830, 215),
(15831, 215),
(15832, 215),
(15833, 215),
(15834, 215),
(15836, 215),
(15837, 215),
(15839, 215),
(15840, 215),
(15841, 215),
(15842, 215),
(15843, 215),
(15844, 215),
(15845, 215),
(15846, 215),
(15847, 215),
(15848, 215),
(15849, 215),
(15850, 215),
(15851, 215),
(15852, 215),
(15853, 215),
(15854, 215),
(15855, 215),
(15856, 215),
(15857, 215),
(15858, 215),
(15859, 215),
(15860, 215),
(15862, 215),
(15863, 215),
(15864, 215),
(15865, 215),
(15866, 215),
(15867, 215),
(15868, 215),
(15869, 215),
(15870, 215),
(15871, 215),
(15872, 215),
(15873, 215),
(15874, 215),
(15875, 215),
(15876, 215),
(15877, 215),
(15878, 215),
(15879, 215),
(15880, 215),
(15883, 215),
(15884, 215),
(15885, 215),
(15886, 215),
(15887, 215),
(15888, 215),
(15889, 215),
(15890, 215),
(15891, 215),
(15892, 215),
(15893, 215),
(15894, 215),
(15895, 215),
(15897, 215),
(15898, 215),
(15899, 215),
(15900, 215),
(15901, 215),
(15902, 215),
(15903, 215),
(16028, 215),
(16029, 215),
(16032, 215),
(16034, 215),
(16035, 215),
(16037, 215),
(16038, 215),
(16039, 215),
(16040, 215),
(16041, 215),
(16042, 215),
(16043, 215),
(16046, 215),
(16047, 215),
(16048, 215),
(16049, 215),
(16051, 215),
(16052, 215),
(16054, 215),
(16055, 215),
(16056, 215),
(16057, 215),
(16058, 215),
(16060, 215),
(16061, 215),
(16062, 215),
(16063, 215),
(16064, 215),
(16067, 215),
(16068, 215),
(16069, 215),
(16070, 215),
(16071, 215),
(14037, 223),
(14050, 223),
(14514, 223),
(14515, 223),
(14518, 223),
(14519, 223),
(14522, 223),
(14526, 223),
(14535, 223),
(14539, 223),
(14549, 223),
(14551, 223),
(14553, 223),
(14556, 223),
(14561, 223),
(14562, 223),
(14566, 223),
(14568, 223),
(14570, 223),
(14571, 223),
(14572, 223),
(14574, 223),
(14575, 223),
(14576, 223),
(14578, 223),
(14579, 223),
(14580, 223),
(14585, 223),
(14594, 223),
(14596, 223),
(14598, 223),
(14600, 223),
(14601, 223),
(14603, 223),
(14609, 223),
(14613, 223),
(14618, 223),
(14619, 223),
(14640, 223),
(14642, 223),
(14650, 223),
(14651, 223),
(14654, 223),
(14658, 223),
(14662, 223),
(14663, 223),
(14665, 223),
(14670, 223),
(14674, 223),
(14677, 223),
(14680, 223),
(14683, 223),
(14684, 223),
(14686, 223),
(14688, 223),
(14691, 223),
(14692, 223),
(14694, 223),
(14697, 223),
(14698, 223),
(14705, 223),
(14710, 223),
(14711, 223),
(14717, 223),
(14718, 223),
(14721, 223),
(14722, 223),
(14723, 223),
(14725, 223),
(14728, 223),
(14731, 223),
(14732, 223),
(14733, 223),
(14734, 223),
(14745, 223),
(14748, 223),
(14750, 223),
(14756, 223),
(14763, 223),
(14764, 223),
(14768, 223),
(14772, 223),
(14774, 223),
(14775, 223),
(14779, 223),
(14780, 223),
(14781, 223),
(14784, 223),
(14785, 223),
(14787, 223),
(14795, 223),
(14798, 223),
(14799, 223),
(14804, 223),
(14806, 223),
(14808, 223),
(14811, 223),
(14812, 223),
(14813, 223),
(14816, 223),
(14817, 223),
(14821, 223),
(14822, 223),
(14823, 223),
(14826, 223),
(14828, 223),
(14834, 223),
(14835, 223),
(14836, 223),
(14838, 223),
(14839, 223),
(14840, 223),
(14841, 223),
(14842, 223),
(14843, 223),
(14846, 223),
(14849, 223),
(14852, 223),
(14861, 223),
(14866, 223),
(14868, 223),
(14872, 223),
(14873, 223),
(14876, 223),
(14878, 223),
(14881, 223),
(14914, 223),
(14927, 223),
(14037, 224),
(14050, 224),
(14518, 224),
(14522, 224),
(14526, 224),
(14535, 224),
(14539, 224),
(14549, 224),
(14551, 224),
(14553, 224),
(14556, 224),
(14561, 224),
(14562, 224),
(14570, 224),
(14571, 224),
(14575, 224),
(14576, 224),
(14578, 224),
(14579, 224),
(14585, 224),
(14598, 224),
(14601, 224),
(14603, 224),
(14609, 224),
(14618, 224),
(14619, 224),
(14640, 224),
(14642, 224),
(14651, 224),
(14654, 224),
(14658, 224),
(14663, 224),
(14665, 224),
(14670, 224),
(14674, 224),
(14677, 224),
(14680, 224),
(14683, 224),
(14686, 224),
(14688, 224),
(14691, 224),
(14692, 224),
(14697, 224),
(14710, 224),
(14711, 224),
(14717, 224),
(14722, 224),
(14725, 224),
(14728, 224),
(14732, 224),
(14733, 224),
(14734, 224),
(14750, 224),
(14756, 224),
(14763, 224),
(14764, 224),
(14768, 224),
(14772, 224),
(14774, 224),
(14780, 224),
(14781, 224),
(14784, 224),
(14787, 224),
(14795, 224),
(14798, 224),
(14799, 224),
(14804, 224),
(14806, 224),
(14812, 224),
(14813, 224),
(14817, 224),
(14821, 224),
(14822, 224),
(14823, 224),
(14826, 224),
(14834, 224),
(14835, 224),
(14836, 224),
(14838, 224),
(14839, 224),
(14840, 224),
(14842, 224),
(14846, 224),
(14849, 224),
(14852, 224),
(14861, 224),
(14872, 224),
(14873, 224),
(14876, 224),
(14878, 224),
(14881, 224),
(14914, 224),
(14927, 224),
(15657, 225),
(15662, 225),
(15666, 225),
(15668, 225),
(15669, 225),
(15679, 225),
(15681, 225),
(15684, 225),
(15687, 225),
(15688, 225),
(15693, 225),
(15694, 225),
(15696, 225),
(15701, 225),
(15707, 225),
(15710, 225),
(15721, 225),
(15723, 225),
(15725, 225),
(15729, 225),
(15730, 225),
(15732, 225),
(15733, 225),
(15738, 225),
(15744, 225),
(15753, 225),
(15757, 225),
(15760, 225),
(15766, 225),
(15768, 225),
(15771, 225),
(15776, 225),
(15777, 225),
(15778, 225),
(15779, 225),
(15780, 225),
(15783, 225),
(15785, 225),
(15807, 225),
(15816, 225),
(15818, 225),
(15821, 225),
(15825, 225),
(15827, 225),
(15844, 225),
(15848, 225),
(15850, 225),
(15855, 225),
(15866, 225),
(15869, 225),
(15870, 225),
(15872, 225),
(15874, 225),
(15879, 225),
(15883, 225),
(15885, 225),
(15886, 225),
(15889, 225),
(15891, 225),
(16034, 225),
(16041, 225),
(16042, 225),
(16048, 225),
(16049, 225),
(16052, 225),
(16056, 225),
(16063, 225),
(16067, 225),
(14514, 226),
(14515, 226),
(14519, 226),
(14550, 226),
(14559, 226),
(14563, 226),
(14566, 226),
(14568, 226),
(14572, 226),
(14574, 226),
(14580, 226),
(14592, 226),
(14594, 226),
(14596, 226),
(14600, 226),
(14613, 226),
(14614, 226),
(14629, 226),
(14631, 226),
(14634, 226),
(14639, 226),
(14650, 226),
(14662, 226),
(14666, 226),
(14681, 226),
(14684, 226),
(14687, 226),
(14690, 226),
(14694, 226),
(14698, 226),
(14699, 226),
(14700, 226),
(14702, 226),
(14705, 226),
(14708, 226),
(14714, 226),
(14718, 226),
(14721, 226),
(14723, 226),
(14729, 226),
(14731, 226),
(14745, 226),
(14746, 226),
(14748, 226),
(14759, 226),
(14766, 226),
(14775, 226),
(14777, 226),
(14779, 226),
(14785, 226),
(14792, 226),
(14796, 226),
(14802, 226),
(14808, 226),
(14811, 226),
(14816, 226),
(14825, 226),
(14828, 226),
(14837, 226),
(14841, 226),
(14843, 226),
(14848, 226),
(14866, 226),
(14868, 226),
(14875, 226),
(15457, 233),
(15458, 233),
(15459, 233),
(15460, 233),
(15461, 233),
(15462, 233),
(15463, 233),
(15464, 233),
(15465, 233),
(15466, 233),
(15467, 233),
(15468, 233),
(15469, 233),
(15470, 233),
(15471, 233),
(15472, 233),
(15473, 233),
(15474, 233),
(15475, 233),
(15477, 233),
(15478, 233),
(15479, 233),
(15480, 233),
(15481, 233),
(15482, 233),
(15483, 233),
(15484, 233),
(15485, 233),
(15486, 233),
(15487, 233),
(15488, 233),
(15489, 233),
(15490, 233),
(15491, 233),
(15492, 233),
(15493, 233),
(15494, 233),
(15495, 233),
(15496, 233),
(15498, 233),
(15499, 233),
(15500, 233),
(15501, 233),
(15502, 233),
(15504, 233),
(15506, 233),
(15507, 233),
(15509, 233),
(15510, 233),
(15511, 233),
(15512, 233),
(15513, 233),
(15514, 233),
(15515, 233),
(15516, 233),
(15517, 233),
(15518, 233),
(15519, 233),
(15520, 233),
(15521, 233),
(15522, 233),
(15523, 233),
(15524, 233),
(15525, 233),
(15526, 233),
(15527, 233),
(15528, 233),
(15529, 233),
(15530, 233),
(15531, 233),
(15532, 233),
(15533, 233),
(15534, 233),
(15535, 233),
(15536, 233),
(15537, 233),
(15538, 233),
(15539, 233),
(15540, 233),
(15541, 233),
(15542, 233),
(15543, 233),
(15544, 233),
(15545, 233),
(15546, 233),
(15547, 233),
(15548, 233),
(15549, 233),
(15550, 233),
(15551, 233),
(15552, 233),
(15553, 233),
(15555, 233),
(15556, 233),
(15557, 233),
(15558, 233),
(15560, 233),
(15561, 233),
(15562, 233),
(15563, 233),
(15564, 233),
(15565, 233),
(15566, 233),
(15567, 233),
(15568, 233),
(15569, 233),
(15570, 233),
(15571, 233),
(15572, 233),
(15573, 233),
(15574, 233),
(15575, 233),
(15576, 233),
(15577, 233),
(15578, 233),
(15579, 233),
(15580, 233),
(15581, 233),
(15582, 233),
(15583, 233),
(15584, 233),
(15586, 233),
(15587, 233),
(15588, 233),
(15589, 233),
(15590, 233),
(15591, 233),
(15592, 233),
(15593, 233),
(15594, 233),
(15595, 233),
(15596, 233),
(15597, 233),
(15599, 233),
(15600, 233),
(15601, 233),
(15602, 233),
(15603, 233),
(15604, 233),
(15605, 233),
(15606, 233),
(15607, 233),
(15608, 233),
(15609, 233),
(15610, 233),
(15611, 233),
(15612, 233),
(15613, 233),
(15614, 233),
(15615, 233),
(15616, 233),
(15617, 233),
(15618, 233),
(15620, 233),
(15621, 233),
(15623, 233),
(15624, 233),
(15625, 233),
(15626, 233),
(15627, 233),
(15628, 233),
(15629, 233),
(15630, 233),
(15631, 233),
(15632, 233),
(15633, 233),
(15634, 233),
(15635, 233),
(15636, 233),
(15637, 233),
(15638, 233),
(15639, 233),
(15640, 233),
(15641, 233),
(15642, 233),
(15643, 233),
(15644, 233),
(15645, 233),
(16081, 233),
(16082, 233),
(16083, 233),
(16084, 233),
(16085, 233),
(16086, 233),
(16087, 233),
(16089, 233),
(16090, 233),
(16091, 233),
(16093, 233),
(16094, 233),
(16095, 233),
(16096, 233),
(16097, 233),
(16098, 233),
(16099, 233),
(16100, 233),
(16101, 233),
(16102, 233),
(16103, 233),
(16104, 233),
(16105, 233),
(16106, 233),
(16107, 233),
(16108, 233),
(16109, 233),
(16110, 233),
(16111, 233),
(16112, 233),
(16113, 233),
(16114, 233),
(16115, 233),
(16116, 233),
(16118, 233),
(16120, 233),
(16121, 233),
(16122, 233),
(16123, 233),
(16124, 233),
(16125, 233),
(16126, 233),
(16128, 233),
(16130, 233),
(16131, 233),
(16133, 233),
(16135, 233),
(16136, 233),
(16137, 233),
(16139, 233),
(16140, 233),
(16141, 233),
(16142, 233),
(16143, 233),
(16144, 233),
(16145, 233),
(16146, 233),
(16148, 233),
(16151, 233),
(16152, 233),
(16154, 233),
(16158, 233),
(16160, 233),
(16162, 233),
(14514, 234),
(14515, 234),
(14519, 234),
(14566, 234),
(14568, 234),
(14572, 234),
(14574, 234),
(14580, 234),
(14594, 234),
(14596, 234),
(14600, 234),
(14613, 234),
(14650, 234),
(14662, 234),
(14684, 234),
(14694, 234),
(14698, 234),
(14705, 234),
(14718, 234),
(14721, 234),
(14723, 234),
(14731, 234),
(14745, 234),
(14748, 234),
(14775, 234),
(14779, 234),
(14785, 234),
(14808, 234),
(14811, 234),
(14816, 234),
(14828, 234),
(14841, 234),
(14843, 234),
(14866, 234),
(14868, 234),
(14884, 234),
(14885, 234),
(14886, 234),
(14888, 234),
(14889, 234),
(14890, 234),
(14891, 234),
(14892, 234),
(14893, 234),
(14894, 234),
(14895, 234),
(14896, 234),
(14897, 234),
(14898, 234),
(14899, 234),
(14902, 234),
(14903, 234),
(14904, 234),
(14905, 234),
(14906, 234),
(14907, 234),
(14909, 234),
(14910, 234),
(14911, 234),
(14912, 234),
(14913, 234),
(14915, 234),
(14916, 234),
(14917, 234),
(14918, 234),
(14919, 234),
(14924, 234),
(14925, 234),
(14928, 234),
(14929, 234),
(14930, 234),
(14931, 234),
(14933, 234),
(14935, 234),
(14936, 234),
(14937, 234),
(14939, 234),
(14940, 234),
(14941, 234),
(14942, 234),
(13953, 240),
(13970, 240),
(13986, 240),
(13988, 240),
(13993, 240),
(14045, 240),
(14064, 240),
(14069, 240),
(14075, 240),
(14084, 240),
(14091, 240),
(14099, 240),
(14103, 240),
(14107, 240),
(14122, 240),
(14126, 240),
(14157, 240),
(14191, 240),
(14208, 240),
(14223, 240),
(14232, 240),
(14234, 240),
(14236, 240),
(14240, 240),
(14266, 240),
(14270, 240),
(14278, 240),
(14279, 240),
(14286, 240),
(14293, 240),
(14296, 240),
(14299, 240),
(14307, 240),
(14310, 240),
(14319, 240),
(14320, 240),
(15458, 243),
(15461, 243),
(15462, 243),
(15466, 243),
(15468, 243),
(15479, 243),
(15484, 243),
(15491, 243),
(15494, 243),
(15501, 243),
(15506, 243),
(15512, 243),
(15514, 243),
(15522, 243),
(15531, 243),
(15532, 243),
(15535, 243),
(15544, 243),
(15553, 243),
(15555, 243),
(15556, 243),
(15579, 243),
(15586, 243),
(15599, 243),
(15604, 243),
(15608, 243),
(15621, 243),
(15634, 243),
(15639, 243),
(16081, 243),
(16083, 243),
(16089, 243),
(16100, 243),
(16105, 243),
(16106, 243),
(16112, 243),
(16128, 243),
(16148, 243),
(16158, 243),
(16162, 243),
(14548, 246),
(14555, 246),
(14565, 246),
(14567, 246),
(14583, 246),
(14587, 246),
(14611, 246),
(14623, 246),
(14633, 246),
(14644, 246),
(14661, 246),
(14667, 246),
(14668, 246),
(14669, 246),
(14689, 246),
(14706, 246),
(14713, 246),
(14740, 246),
(14761, 246),
(14765, 246),
(14789, 246),
(14794, 246),
(14797, 246),
(14810, 246),
(14814, 246),
(14818, 246),
(14830, 246),
(14833, 246),
(14854, 246),
(14858, 246),
(14860, 246),
(14864, 246),
(14883, 246),
(14454, 249),
(14455, 249),
(14457, 249),
(14458, 249),
(14459, 249),
(14461, 249),
(14463, 249),
(14465, 249),
(14466, 249),
(14467, 249),
(14468, 249),
(14471, 249),
(14472, 249),
(14473, 249),
(14474, 249),
(14475, 249),
(14478, 249),
(14481, 249),
(14483, 249),
(14489, 249),
(14490, 249),
(14491, 249),
(14492, 249),
(14493, 249),
(14498, 249),
(14499, 249),
(14500, 249),
(14501, 249),
(14502, 249),
(14503, 249),
(14505, 249),
(14506, 249),
(14454, 256),
(14455, 256),
(14457, 256),
(14458, 256),
(14459, 256),
(14461, 256),
(14463, 256),
(14465, 256),
(14466, 256),
(14467, 256),
(14468, 256),
(14471, 256),
(14472, 256),
(14473, 256),
(14474, 256),
(14475, 256),
(14478, 256),
(14481, 256),
(14483, 256),
(14489, 256),
(14490, 256),
(14491, 256),
(14492, 256),
(14493, 256),
(14498, 256),
(14499, 256),
(14500, 256),
(14501, 256),
(14502, 256),
(14503, 256),
(14505, 256),
(14506, 256),
(14517, 256),
(14548, 256),
(14555, 256),
(14565, 256),
(14567, 256),
(14583, 256),
(14587, 256),
(14599, 256),
(14602, 256),
(14605, 256),
(14607, 256),
(14608, 256),
(14611, 256),
(14615, 256),
(14623, 256),
(14633, 256),
(14635, 256),
(14641, 256),
(14644, 256),
(14649, 256),
(14661, 256),
(14667, 256),
(14668, 256),
(14669, 256),
(14673, 256),
(14675, 256),
(14685, 256),
(14689, 256),
(14696, 256),
(14706, 256),
(14709, 256),
(14713, 256),
(14740, 256),
(14742, 256),
(14754, 256),
(14761, 256),
(14765, 256),
(14778, 256),
(14789, 256),
(14794, 256),
(14797, 256),
(14805, 256),
(14809, 256),
(14810, 256),
(14814, 256),
(14818, 256),
(14820, 256),
(14824, 256),
(14830, 256),
(14833, 256),
(14851, 256),
(14854, 256),
(14858, 256),
(14860, 256),
(14864, 256),
(14879, 256),
(14883, 256),
(15002, 256),
(15458, 256),
(15460, 256),
(15461, 256),
(15462, 256),
(15466, 256),
(15467, 256),
(15468, 256),
(15470, 256),
(15479, 256),
(15480, 256),
(15484, 256),
(15491, 256),
(15494, 256),
(15495, 256),
(15496, 256),
(15501, 256),
(15506, 256),
(15509, 256),
(15512, 256),
(15514, 256),
(15522, 256),
(15523, 256),
(15525, 256),
(15531, 256),
(15532, 256),
(15535, 256),
(15543, 256),
(15544, 256),
(15548, 256),
(15553, 256),
(15555, 256),
(15556, 256),
(15565, 256),
(15567, 256),
(15573, 256),
(15574, 256),
(15579, 256),
(15586, 256),
(15588, 256),
(15599, 256),
(15604, 256),
(15608, 256),
(15609, 256),
(15610, 256),
(15611, 256),
(15613, 256),
(15621, 256),
(15623, 256),
(15634, 256),
(15636, 256),
(15639, 256),
(15640, 256),
(16081, 256),
(16082, 256),
(16083, 256),
(16085, 256),
(16086, 256),
(16087, 256),
(16089, 256),
(16090, 256),
(16091, 256),
(16094, 256),
(16096, 256),
(16100, 256),
(16104, 256),
(16105, 256),
(16106, 256),
(16109, 256),
(16111, 256),
(16112, 256),
(16116, 256),
(16128, 256),
(16135, 256),
(16136, 256),
(16137, 256),
(16140, 256),
(16143, 256),
(16145, 256),
(16148, 256),
(16158, 256),
(16160, 256),
(16162, 256),
(15460, 257),
(15465, 257),
(15467, 257),
(15469, 257),
(15470, 257),
(15480, 257),
(15486, 257),
(15488, 257),
(15495, 257),
(15496, 257),
(15502, 257),
(15509, 257),
(15516, 257),
(15523, 257),
(15525, 257),
(15526, 257),
(15527, 257),
(15530, 257),
(15537, 257),
(15538, 257),
(15543, 257),
(15548, 257),
(15560, 257),
(15562, 257),
(15565, 257),
(15567, 257),
(15570, 257),
(15573, 257),
(15574, 257),
(15587, 257),
(15588, 257),
(15591, 257),
(15593, 257),
(15596, 257),
(15607, 257),
(15609, 257),
(15610, 257),
(15611, 257),
(15613, 257),
(15617, 257),
(15623, 257),
(15629, 257),
(15636, 257),
(15640, 257),
(15905, 257),
(15906, 257),
(15909, 257),
(15910, 257),
(15913, 257),
(15914, 257),
(15917, 257),
(15918, 257),
(15921, 257),
(15922, 257),
(15925, 257),
(15926, 257),
(15929, 257),
(15930, 257),
(15933, 257),
(15934, 257),
(15937, 257),
(15938, 257),
(15941, 257),
(15945, 257),
(15946, 257),
(15949, 257),
(15950, 257),
(15953, 257),
(15954, 257),
(15957, 257),
(15958, 257),
(15962, 257),
(16082, 257),
(16085, 257),
(16086, 257),
(16087, 257),
(16090, 257),
(16091, 257),
(16093, 257),
(16094, 257),
(16096, 257),
(16099, 257),
(16102, 257),
(16103, 257),
(16104, 257),
(16109, 257),
(16111, 257),
(16113, 257),
(16114, 257),
(16115, 257),
(16116, 257),
(16118, 257),
(16120, 257),
(16123, 257),
(16124, 257),
(16130, 257),
(16131, 257),
(16135, 257),
(16136, 257),
(16137, 257),
(16139, 257),
(16140, 257),
(16141, 257),
(16143, 257),
(16145, 257),
(16146, 257),
(16152, 257),
(16160, 257),
(13564, 262),
(13685, 262),
(13947, 262),
(13949, 262),
(13950, 262),
(13951, 262),
(13952, 262),
(13953, 262),
(13954, 262),
(13955, 262),
(13956, 262),
(13957, 262),
(13958, 262),
(13959, 262),
(13960, 262),
(13961, 262),
(13962, 262),
(13963, 262),
(13964, 262),
(13965, 262),
(13966, 262),
(13968, 262),
(13969, 262),
(13970, 262),
(13971, 262),
(13973, 262),
(13974, 262),
(13975, 262),
(13976, 262),
(13977, 262),
(13979, 262),
(13980, 262),
(13981, 262),
(13982, 262),
(13983, 262),
(13984, 262),
(13985, 262),
(13986, 262),
(13987, 262),
(13988, 262),
(13989, 262),
(13990, 262),
(13992, 262),
(13993, 262),
(13994, 262),
(13995, 262),
(13996, 262),
(13998, 262),
(13999, 262),
(14000, 262),
(14001, 262),
(14002, 262),
(14003, 262),
(14004, 262),
(14005, 262),
(14008, 262),
(14009, 262),
(14010, 262),
(14011, 262),
(14012, 262),
(14013, 262),
(14014, 262),
(14015, 262),
(14017, 262),
(14018, 262),
(14019, 262),
(14020, 262),
(14021, 262),
(14022, 262),
(14023, 262),
(14024, 262),
(14025, 262),
(14026, 262),
(14027, 262),
(14028, 262),
(14029, 262),
(14030, 262),
(14031, 262),
(14032, 262),
(14033, 262),
(14034, 262),
(14035, 262),
(14036, 262),
(14037, 262),
(14038, 262),
(14039, 262),
(14040, 262),
(14041, 262),
(14042, 262),
(14043, 262),
(14045, 262),
(14046, 262),
(14047, 262),
(14048, 262),
(14049, 262),
(14050, 262),
(14051, 262),
(14052, 262),
(14053, 262),
(14054, 262),
(14055, 262),
(14056, 262),
(14057, 262),
(14058, 262),
(14059, 262),
(14060, 262),
(14061, 262),
(14062, 262),
(14063, 262),
(14064, 262),
(14065, 262),
(14066, 262),
(14067, 262),
(14068, 262),
(14069, 262),
(14070, 262),
(14071, 262),
(14072, 262),
(14073, 262),
(14075, 262),
(14076, 262),
(14077, 262),
(14078, 262),
(14079, 262),
(14080, 262),
(14081, 262),
(14082, 262),
(14083, 262),
(14084, 262),
(14085, 262),
(14086, 262),
(14088, 262),
(14089, 262),
(14090, 262),
(14091, 262),
(14092, 262),
(14093, 262),
(14094, 262),
(14095, 262),
(14096, 262),
(14097, 262),
(14098, 262),
(14099, 262),
(14100, 262),
(14101, 262),
(14102, 262),
(14103, 262),
(14104, 262),
(14105, 262),
(14106, 262),
(14107, 262),
(14108, 262),
(14109, 262),
(14110, 262),
(14111, 262),
(14112, 262),
(14113, 262),
(14114, 262),
(14115, 262),
(14116, 262),
(14117, 262),
(14118, 262),
(14119, 262),
(14120, 262),
(14122, 262),
(14123, 262),
(14124, 262),
(14126, 262),
(14128, 262),
(14129, 262),
(14130, 262),
(14131, 262),
(14132, 262),
(14133, 262),
(14134, 262),
(14135, 262),
(14136, 262),
(14137, 262),
(14138, 262),
(14139, 262),
(14140, 262),
(14141, 262),
(14142, 262),
(14143, 262),
(14144, 262),
(14145, 262),
(14146, 262),
(14147, 262),
(14148, 262),
(14150, 262),
(14151, 262),
(14152, 262),
(14153, 262),
(14154, 262),
(14155, 262),
(14156, 262),
(14157, 262),
(14158, 262),
(14159, 262),
(14160, 262),
(14161, 262),
(14162, 262),
(14163, 262),
(14164, 262),
(14165, 262),
(14166, 262),
(14167, 262),
(14168, 262),
(14169, 262),
(14170, 262),
(14171, 262),
(14172, 262),
(14173, 262),
(14174, 262),
(14175, 262),
(14176, 262),
(14177, 262),
(14178, 262),
(14179, 262),
(14180, 262),
(14181, 262),
(14182, 262),
(14183, 262),
(14184, 262),
(14188, 262),
(14189, 262),
(14191, 262),
(14192, 262),
(14193, 262),
(14194, 262),
(14195, 262),
(14196, 262),
(14197, 262),
(14199, 262),
(14200, 262),
(14201, 262),
(14202, 262),
(14203, 262),
(14204, 262),
(14206, 262),
(14207, 262),
(14208, 262),
(14209, 262),
(14211, 262),
(14212, 262),
(14213, 262),
(14214, 262),
(14215, 262),
(14216, 262),
(14217, 262),
(14218, 262),
(14219, 262),
(14220, 262),
(14221, 262),
(14222, 262),
(14223, 262),
(14224, 262),
(14225, 262),
(14226, 262),
(14227, 262),
(14228, 262),
(14229, 262),
(14230, 262),
(14231, 262),
(14232, 262),
(14233, 262),
(14234, 262),
(14235, 262),
(14236, 262),
(14237, 262),
(14238, 262),
(14239, 262),
(14240, 262),
(14241, 262),
(14243, 262),
(14245, 262),
(14246, 262),
(14247, 262),
(14248, 262),
(14250, 262),
(14251, 262),
(14252, 262),
(14253, 262),
(14254, 262),
(14255, 262),
(14256, 262),
(14257, 262),
(14258, 262),
(14259, 262),
(14260, 262),
(14261, 262),
(14262, 262),
(14263, 262),
(14264, 262),
(14266, 262),
(14267, 262),
(14268, 262),
(14269, 262),
(14270, 262),
(14271, 262),
(14272, 262),
(14274, 262),
(14275, 262),
(14277, 262),
(14278, 262),
(14279, 262),
(14280, 262),
(14281, 262),
(14282, 262),
(14283, 262),
(14284, 262),
(14285, 262),
(14286, 262),
(14287, 262),
(14289, 262),
(14290, 262),
(14291, 262),
(14292, 262),
(14293, 262),
(14294, 262),
(14295, 262),
(14296, 262),
(14297, 262),
(14298, 262),
(14299, 262),
(14300, 262),
(14302, 262),
(14304, 262),
(14305, 262),
(14306, 262),
(14307, 262),
(14308, 262),
(14309, 262),
(14310, 262),
(14311, 262),
(14312, 262),
(14313, 262),
(14314, 262),
(14315, 262),
(14316, 262),
(14317, 262),
(14318, 262),
(14319, 262),
(14320, 262),
(14321, 262),
(14322, 262),
(14323, 262),
(14324, 262),
(14325, 262),
(14326, 262),
(14327, 262),
(14328, 262),
(14329, 262),
(14330, 262),
(14331, 262),
(14332, 262),
(14334, 262),
(14335, 262),
(14336, 262),
(14337, 262),
(14338, 262),
(14339, 262),
(14340, 262),
(14341, 262),
(14342, 262),
(14343, 262),
(14345, 262),
(14346, 262),
(14347, 262),
(14348, 262),
(14351, 262),
(14353, 262),
(14354, 262),
(14355, 262),
(14357, 262),
(14358, 262),
(14359, 262),
(14360, 262),
(14361, 262),
(14362, 262),
(14363, 262),
(14369, 262),
(14370, 262),
(14372, 262),
(14373, 262),
(14376, 262),
(14377, 262),
(14379, 262),
(14449, 262),
(14454, 262),
(14455, 262),
(14456, 262),
(14457, 262),
(14458, 262),
(14459, 262),
(14461, 262),
(14463, 262),
(14464, 262),
(14465, 262),
(14466, 262),
(14467, 262),
(14468, 262),
(14471, 262),
(14472, 262),
(14473, 262),
(14474, 262),
(14475, 262),
(14478, 262),
(14480, 262),
(14481, 262),
(14482, 262),
(14483, 262),
(14487, 262),
(14489, 262),
(14490, 262),
(14491, 262),
(14492, 262),
(14493, 262),
(14497, 262),
(14498, 262),
(14499, 262),
(14500, 262),
(14501, 262),
(14502, 262),
(14503, 262),
(14505, 262),
(14506, 262),
(14513, 262),
(14514, 262),
(14515, 262),
(14517, 262),
(14518, 262),
(14519, 262),
(14522, 262),
(14526, 262),
(14535, 262),
(14539, 262),
(14548, 262),
(14549, 262),
(14550, 262),
(14551, 262),
(14553, 262),
(14554, 262),
(14555, 262),
(14556, 262),
(14557, 262),
(14558, 262),
(14559, 262),
(14560, 262),
(14561, 262),
(14562, 262),
(14563, 262),
(14565, 262),
(14566, 262),
(14567, 262),
(14568, 262),
(14570, 262),
(14571, 262),
(14572, 262),
(14573, 262),
(14574, 262),
(14575, 262),
(14576, 262),
(14578, 262),
(14579, 262),
(14580, 262),
(14581, 262),
(14582, 262),
(14583, 262),
(14585, 262),
(14587, 262),
(14589, 262),
(14590, 262),
(14591, 262),
(14592, 262),
(14593, 262),
(14594, 262),
(14596, 262),
(14597, 262),
(14598, 262),
(14599, 262),
(14600, 262),
(14601, 262),
(14602, 262),
(14603, 262),
(14604, 262),
(14605, 262),
(14607, 262),
(14608, 262),
(14609, 262),
(14610, 262),
(14611, 262),
(14612, 262),
(14613, 262),
(14614, 262),
(14615, 262),
(14618, 262),
(14619, 262),
(14622, 262),
(14623, 262),
(14624, 262),
(14625, 262),
(14626, 262),
(14627, 262),
(14628, 262),
(14629, 262),
(14630, 262),
(14631, 262),
(14633, 262),
(14634, 262),
(14635, 262),
(14636, 262),
(14639, 262),
(14640, 262),
(14641, 262),
(14642, 262),
(14643, 262),
(14644, 262),
(14645, 262),
(14647, 262),
(14648, 262),
(14649, 262),
(14650, 262),
(14651, 262),
(14653, 262),
(14654, 262),
(14658, 262),
(14659, 262),
(14661, 262),
(14662, 262),
(14663, 262),
(14665, 262),
(14666, 262),
(14667, 262),
(14668, 262),
(14669, 262),
(14670, 262),
(14673, 262),
(14674, 262),
(14675, 262),
(14677, 262),
(14679, 262),
(14680, 262),
(14681, 262),
(14683, 262),
(14684, 262),
(14685, 262),
(14686, 262),
(14687, 262),
(14688, 262),
(14689, 262),
(14690, 262),
(14691, 262),
(14692, 262),
(14694, 262),
(14696, 262),
(14697, 262),
(14698, 262),
(14699, 262),
(14700, 262),
(14701, 262),
(14702, 262),
(14705, 262),
(14706, 262),
(14707, 262),
(14708, 262),
(14709, 262),
(14710, 262),
(14711, 262),
(14712, 262),
(14713, 262),
(14714, 262),
(14715, 262),
(14717, 262),
(14718, 262),
(14721, 262),
(14722, 262),
(14723, 262),
(14725, 262),
(14726, 262),
(14728, 262),
(14729, 262),
(14731, 262),
(14732, 262),
(14733, 262),
(14734, 262),
(14739, 262),
(14740, 262),
(14742, 262),
(14745, 262),
(14746, 262),
(14748, 262),
(14749, 262),
(14750, 262),
(14753, 262),
(14754, 262),
(14756, 262),
(14759, 262),
(14760, 262),
(14761, 262),
(14763, 262),
(14764, 262),
(14765, 262),
(14766, 262),
(14767, 262),
(14768, 262),
(14769, 262),
(14772, 262),
(14774, 262),
(14775, 262),
(14776, 262),
(14777, 262),
(14778, 262),
(14779, 262),
(14780, 262),
(14781, 262),
(14782, 262),
(14784, 262),
(14785, 262),
(14786, 262),
(14787, 262),
(14788, 262),
(14789, 262),
(14791, 262),
(14792, 262),
(14794, 262),
(14795, 262),
(14796, 262),
(14797, 262),
(14798, 262),
(14799, 262),
(14800, 262),
(14801, 262),
(14802, 262),
(14804, 262),
(14805, 262),
(14806, 262),
(14808, 262),
(14809, 262),
(14810, 262),
(14811, 262),
(14812, 262),
(14813, 262),
(14814, 262),
(14816, 262),
(14817, 262),
(14818, 262),
(14820, 262),
(14821, 262),
(14822, 262),
(14823, 262),
(14824, 262),
(14825, 262),
(14826, 262),
(14827, 262),
(14828, 262),
(14829, 262),
(14830, 262),
(14833, 262),
(14834, 262),
(14835, 262),
(14836, 262),
(14837, 262),
(14838, 262),
(14839, 262),
(14840, 262),
(14841, 262),
(14842, 262),
(14843, 262),
(14846, 262),
(14848, 262),
(14849, 262),
(14851, 262),
(14852, 262),
(14854, 262),
(14857, 262),
(14858, 262),
(14860, 262),
(14861, 262),
(14863, 262),
(14864, 262),
(14865, 262),
(14866, 262),
(14868, 262),
(14872, 262),
(14873, 262),
(14875, 262),
(14876, 262),
(14878, 262),
(14879, 262),
(14881, 262),
(14883, 262),
(14884, 262),
(14885, 262),
(14886, 262),
(14888, 262),
(14889, 262),
(14890, 262),
(14891, 262),
(14892, 262),
(14893, 262),
(14894, 262),
(14895, 262),
(14896, 262),
(14897, 262),
(14898, 262),
(14899, 262),
(14902, 262),
(14903, 262),
(14904, 262),
(14905, 262),
(14906, 262),
(14907, 262),
(14909, 262),
(14910, 262),
(14911, 262),
(14912, 262),
(14913, 262),
(14914, 262),
(14915, 262),
(14916, 262),
(14917, 262),
(14918, 262),
(14919, 262),
(14924, 262),
(14925, 262),
(14927, 262),
(14928, 262),
(14929, 262),
(14930, 262),
(14931, 262),
(14933, 262),
(14935, 262),
(14936, 262),
(14937, 262),
(14939, 262),
(14940, 262),
(14941, 262),
(14942, 262),
(15002, 262),
(15457, 262),
(15458, 262),
(15459, 262),
(15460, 262),
(15461, 262),
(15462, 262),
(15463, 262),
(15464, 262),
(15465, 262),
(15466, 262),
(15467, 262),
(15468, 262),
(15469, 262),
(15470, 262),
(15471, 262),
(15472, 262),
(15473, 262),
(15474, 262),
(15475, 262),
(15477, 262),
(15478, 262),
(15479, 262),
(15480, 262),
(15481, 262),
(15482, 262),
(15483, 262),
(15484, 262),
(15485, 262),
(15486, 262),
(15487, 262),
(15488, 262),
(15489, 262),
(15490, 262),
(15491, 262),
(15492, 262),
(15493, 262),
(15494, 262),
(15495, 262),
(15496, 262),
(15498, 262),
(15499, 262),
(15500, 262),
(15501, 262),
(15502, 262),
(15504, 262),
(15506, 262),
(15507, 262),
(15509, 262),
(15510, 262),
(15511, 262),
(15512, 262),
(15513, 262),
(15514, 262),
(15515, 262),
(15516, 262),
(15517, 262),
(15518, 262),
(15519, 262),
(15520, 262),
(15521, 262),
(15522, 262),
(15523, 262),
(15524, 262),
(15525, 262),
(15526, 262),
(15527, 262),
(15528, 262),
(15529, 262),
(15530, 262),
(15531, 262),
(15532, 262),
(15533, 262),
(15534, 262),
(15535, 262),
(15536, 262),
(15537, 262),
(15538, 262),
(15539, 262),
(15540, 262),
(15541, 262),
(15542, 262),
(15543, 262),
(15544, 262),
(15545, 262),
(15546, 262),
(15547, 262),
(15548, 262),
(15549, 262),
(15550, 262),
(15551, 262),
(15552, 262),
(15553, 262),
(15555, 262),
(15556, 262),
(15557, 262),
(15558, 262),
(15560, 262),
(15561, 262),
(15562, 262),
(15563, 262),
(15564, 262),
(15565, 262),
(15566, 262),
(15567, 262),
(15568, 262),
(15569, 262),
(15570, 262),
(15571, 262),
(15572, 262),
(15573, 262),
(15574, 262),
(15575, 262),
(15576, 262),
(15577, 262),
(15578, 262),
(15579, 262),
(15580, 262),
(15581, 262),
(15582, 262),
(15583, 262),
(15584, 262),
(15586, 262),
(15587, 262),
(15588, 262),
(15589, 262),
(15590, 262),
(15591, 262),
(15592, 262),
(15593, 262),
(15594, 262),
(15595, 262),
(15596, 262),
(15597, 262),
(15599, 262),
(15600, 262),
(15601, 262),
(15602, 262),
(15603, 262),
(15604, 262),
(15605, 262),
(15606, 262),
(15607, 262),
(15608, 262),
(15609, 262),
(15610, 262),
(15611, 262),
(15612, 262),
(15613, 262),
(15614, 262),
(15615, 262),
(15616, 262),
(15617, 262),
(15618, 262),
(15620, 262),
(15621, 262),
(15623, 262),
(15624, 262),
(15625, 262),
(15626, 262),
(15627, 262),
(15628, 262),
(15629, 262),
(15630, 262),
(15631, 262),
(15632, 262),
(15633, 262),
(15634, 262),
(15635, 262),
(15636, 262),
(15637, 262),
(15638, 262),
(15639, 262),
(15640, 262),
(15641, 262),
(15642, 262),
(15643, 262),
(15644, 262),
(15645, 262),
(15646, 262),
(15647, 262),
(15648, 262),
(15649, 262),
(15650, 262),
(15651, 262),
(15652, 262),
(15653, 262),
(15654, 262),
(15655, 262),
(15656, 262),
(15657, 262),
(15659, 262),
(15660, 262),
(15661, 262),
(15662, 262),
(15663, 262),
(15664, 262),
(15665, 262),
(15666, 262),
(15668, 262),
(15669, 262),
(15670, 262),
(15671, 262),
(15672, 262),
(15673, 262),
(15675, 262),
(15676, 262),
(15677, 262),
(15678, 262),
(15679, 262),
(15680, 262),
(15681, 262),
(15682, 262),
(15683, 262),
(15684, 262),
(15685, 262),
(15687, 262),
(15688, 262),
(15689, 262),
(15690, 262),
(15691, 262),
(15692, 262),
(15693, 262),
(15694, 262),
(15696, 262),
(15697, 262),
(15699, 262),
(15700, 262),
(15701, 262),
(15702, 262),
(15703, 262),
(15704, 262),
(15705, 262),
(15706, 262),
(15707, 262),
(15708, 262),
(15709, 262),
(15710, 262),
(15711, 262),
(15712, 262),
(15713, 262),
(15714, 262),
(15715, 262),
(15716, 262),
(15717, 262),
(15720, 262),
(15721, 262),
(15722, 262),
(15723, 262),
(15724, 262),
(15725, 262),
(15729, 262),
(15730, 262),
(15731, 262),
(15732, 262),
(15733, 262),
(15734, 262),
(15735, 262),
(15737, 262),
(15738, 262),
(15739, 262),
(15740, 262),
(15741, 262),
(15742, 262),
(15743, 262),
(15744, 262),
(15745, 262),
(15746, 262),
(15747, 262),
(15749, 262),
(15750, 262),
(15751, 262),
(15752, 262),
(15753, 262),
(15756, 262),
(15757, 262),
(15758, 262),
(15759, 262),
(15760, 262),
(15761, 262),
(15762, 262),
(15763, 262),
(15764, 262),
(15765, 262),
(15766, 262),
(15767, 262),
(15768, 262),
(15769, 262),
(15770, 262),
(15771, 262),
(15772, 262),
(15773, 262),
(15774, 262),
(15775, 262),
(15776, 262),
(15777, 262),
(15778, 262),
(15779, 262),
(15780, 262),
(15781, 262),
(15782, 262),
(15783, 262),
(15784, 262),
(15785, 262),
(15786, 262),
(15787, 262),
(15788, 262),
(15789, 262),
(15790, 262),
(15791, 262),
(15792, 262),
(15793, 262),
(15794, 262),
(15795, 262),
(15796, 262),
(15797, 262),
(15798, 262),
(15799, 262),
(15800, 262),
(15801, 262),
(15802, 262),
(15803, 262),
(15804, 262),
(15805, 262),
(15806, 262),
(15807, 262),
(15808, 262),
(15809, 262),
(15810, 262),
(15811, 262),
(15812, 262),
(15813, 262),
(15814, 262),
(15815, 262),
(15816, 262),
(15817, 262),
(15818, 262),
(15819, 262),
(15820, 262),
(15821, 262),
(15822, 262),
(15825, 262),
(15826, 262),
(15827, 262),
(15828, 262),
(15829, 262),
(15830, 262),
(15831, 262),
(15832, 262),
(15833, 262),
(15834, 262),
(15836, 262),
(15837, 262),
(15839, 262),
(15840, 262),
(15841, 262),
(15842, 262),
(15843, 262),
(15844, 262),
(15845, 262),
(15846, 262),
(15847, 262),
(15848, 262),
(15849, 262),
(15850, 262),
(15851, 262),
(15852, 262),
(15853, 262),
(15854, 262),
(15855, 262),
(15856, 262),
(15857, 262),
(15858, 262),
(15859, 262),
(15860, 262),
(15862, 262),
(15863, 262),
(15864, 262),
(15865, 262),
(15866, 262),
(15867, 262),
(15868, 262),
(15869, 262),
(15870, 262),
(15871, 262),
(15872, 262),
(15873, 262),
(15874, 262),
(15875, 262),
(15876, 262),
(15877, 262),
(15878, 262),
(15879, 262),
(15880, 262),
(15883, 262),
(15884, 262),
(15885, 262),
(15886, 262),
(15887, 262),
(15888, 262),
(15889, 262),
(15890, 262),
(15891, 262),
(15892, 262),
(15893, 262),
(15894, 262),
(15895, 262),
(15897, 262),
(15898, 262),
(15899, 262),
(15900, 262),
(15901, 262),
(15902, 262),
(15903, 262),
(15904, 262),
(15905, 262),
(15906, 262),
(15907, 262),
(15908, 262),
(15909, 262),
(15910, 262),
(15911, 262),
(15912, 262),
(15913, 262),
(15914, 262),
(15916, 262),
(15917, 262),
(15918, 262),
(15919, 262),
(15920, 262),
(15921, 262),
(15922, 262),
(15923, 262),
(15924, 262),
(15925, 262),
(15926, 262),
(15927, 262),
(15928, 262),
(15929, 262),
(15930, 262),
(15931, 262),
(15932, 262),
(15933, 262),
(15934, 262),
(15935, 262),
(15936, 262),
(15937, 262),
(15938, 262),
(15940, 262),
(15941, 262),
(15943, 262),
(15944, 262),
(15945, 262),
(15946, 262),
(15947, 262),
(15948, 262),
(15949, 262),
(15950, 262),
(15951, 262),
(15952, 262),
(15953, 262),
(15954, 262),
(15955, 262),
(15956, 262),
(15957, 262),
(15958, 262),
(15959, 262),
(15960, 262),
(15962, 262),
(15963, 262),
(16028, 262),
(16029, 262),
(16032, 262),
(16034, 262),
(16035, 262),
(16037, 262),
(16038, 262),
(16039, 262),
(16040, 262),
(16041, 262),
(16042, 262),
(16043, 262),
(16046, 262),
(16047, 262),
(16048, 262),
(16049, 262),
(16051, 262),
(16052, 262),
(16054, 262),
(16055, 262),
(16056, 262),
(16057, 262),
(16058, 262),
(16060, 262),
(16061, 262),
(16062, 262),
(16063, 262),
(16064, 262),
(16067, 262),
(16068, 262),
(16069, 262),
(16070, 262),
(16071, 262),
(16081, 262),
(16082, 262),
(16083, 262),
(16084, 262),
(16085, 262),
(16086, 262),
(16087, 262),
(16089, 262),
(16090, 262),
(16091, 262),
(16093, 262),
(16094, 262),
(16095, 262),
(16096, 262),
(16097, 262),
(16098, 262),
(16099, 262),
(16100, 262),
(16101, 262),
(16102, 262),
(16103, 262),
(16104, 262),
(16105, 262),
(16106, 262),
(16107, 262),
(16108, 262),
(16109, 262),
(16110, 262),
(16111, 262),
(16112, 262),
(16113, 262),
(16114, 262),
(16115, 262),
(16116, 262),
(16118, 262),
(16120, 262),
(16121, 262),
(16122, 262),
(16123, 262),
(16124, 262),
(16125, 262),
(16126, 262),
(16128, 262),
(16130, 262),
(16131, 262),
(16133, 262),
(16135, 262),
(16136, 262),
(16137, 262),
(16139, 262),
(16140, 262),
(16141, 262),
(16142, 262),
(16143, 262),
(16144, 262),
(16145, 262),
(16146, 262),
(16148, 262),
(16151, 262),
(16152, 262),
(16154, 262),
(16158, 262),
(16160, 262),
(16162, 262),
(13968, 266),
(14053, 266),
(14054, 266),
(14066, 266),
(14068, 266),
(14082, 266),
(14095, 266),
(14097, 266),
(14106, 266),
(14112, 266),
(14123, 266),
(14130, 266),
(14156, 266),
(14159, 266),
(14168, 266),
(14174, 266),
(14179, 266),
(14183, 266),
(14202, 266),
(14207, 266),
(14209, 266),
(14246, 266),
(14247, 266),
(14252, 266),
(14257, 266),
(14259, 266),
(14260, 266),
(14267, 266),
(14287, 266),
(14290, 266),
(14295, 266),
(14305, 266),
(14315, 266),
(14321, 266),
(14327, 266),
(14337, 266),
(14339, 266),
(13991, 267),
(14006, 267),
(14244, 267),
(14380, 267),
(14381, 267),
(14382, 267),
(14383, 267),
(14384, 267),
(14385, 267),
(14386, 267),
(14387, 267),
(14388, 267),
(14389, 267),
(14390, 267),
(14391, 267),
(14392, 267),
(14393, 267),
(14394, 267),
(14395, 267),
(14396, 267),
(14397, 267),
(14398, 267),
(14399, 267),
(14400, 267),
(14401, 267),
(14403, 267),
(14404, 267),
(14405, 267),
(14406, 267),
(14407, 267),
(14409, 267),
(14411, 267),
(14412, 267),
(14413, 267),
(14414, 267),
(14415, 267),
(14416, 267),
(14417, 267),
(14418, 267),
(14420, 267),
(14421, 267),
(14422, 267),
(14424, 267),
(14425, 267);
INSERT INTO `student_teacher` (`student_ID`, `teacher_ID`) VALUES
(14426, 267),
(14427, 267),
(14428, 267),
(14429, 267),
(14430, 267),
(14431, 267),
(14432, 267),
(14433, 267),
(14434, 267),
(14436, 267),
(14437, 267),
(14438, 267),
(14439, 267),
(14440, 267),
(14441, 267),
(14443, 267),
(14444, 267),
(14445, 267),
(14446, 267),
(14447, 267),
(14448, 267),
(14485, 267),
(14945, 267),
(14946, 267),
(14947, 267),
(14949, 267),
(14951, 267),
(14952, 267),
(14953, 267),
(14954, 267),
(14955, 267),
(14956, 267),
(14958, 267),
(14959, 267),
(14960, 267),
(14961, 267),
(14962, 267),
(14963, 267),
(14964, 267),
(14965, 267),
(14966, 267),
(14967, 267),
(14968, 267),
(14969, 267),
(14970, 267),
(14971, 267),
(14972, 267),
(14973, 267),
(14974, 267),
(14975, 267),
(14976, 267),
(14979, 267),
(14980, 267),
(14981, 267),
(14982, 267),
(14983, 267),
(14984, 267),
(14985, 267),
(14986, 267),
(14987, 267),
(14988, 267),
(14989, 267),
(14990, 267),
(14991, 267),
(14992, 267),
(14993, 267),
(14994, 267),
(14995, 267),
(14996, 267),
(14998, 267),
(14999, 267),
(15000, 267),
(15001, 267),
(15964, 267),
(15966, 267),
(15967, 267),
(15968, 267),
(15969, 267),
(15970, 267),
(15971, 267),
(15972, 267),
(15973, 267),
(15975, 267),
(15976, 267),
(15977, 267),
(15979, 267),
(15981, 267),
(15982, 267),
(15983, 267),
(15984, 267),
(15985, 267),
(15986, 267),
(15987, 267),
(15988, 267),
(15989, 267),
(15990, 267),
(15991, 267),
(15992, 267),
(15993, 267),
(15995, 267),
(15996, 267),
(15997, 267),
(15998, 267),
(15999, 267),
(16000, 267),
(16001, 267),
(16002, 267),
(16004, 267),
(16005, 267),
(16006, 267),
(16007, 267),
(16008, 267),
(16009, 267),
(16010, 267),
(16011, 267),
(16012, 267),
(16014, 267),
(16015, 267),
(16016, 267),
(16017, 267),
(16020, 267),
(16021, 267),
(16022, 267),
(16023, 267),
(16025, 267),
(16026, 267),
(16027, 267),
(15647, 268),
(15648, 268),
(15651, 268),
(15654, 268),
(15656, 268),
(15661, 268),
(15670, 268),
(15673, 268),
(15677, 268),
(15683, 268),
(15690, 268),
(15692, 268),
(15697, 268),
(15703, 268),
(15705, 268),
(15706, 268),
(15709, 268),
(15711, 268),
(15712, 268),
(15714, 268),
(15716, 268),
(15717, 268),
(15722, 268),
(15724, 268),
(15737, 268),
(15739, 268),
(15741, 268),
(15743, 268),
(15745, 268),
(15756, 268),
(15758, 268),
(15759, 268),
(15762, 268),
(15765, 268),
(15767, 268),
(15769, 268),
(15773, 268),
(15781, 268),
(15784, 268),
(15788, 268),
(15789, 268),
(15792, 268),
(15798, 268),
(15800, 268),
(15804, 268),
(15805, 268),
(15808, 268),
(15809, 268),
(15811, 268),
(15813, 268),
(15814, 268),
(15820, 268),
(15826, 268),
(15828, 268),
(15831, 268),
(15837, 268),
(15839, 268),
(15840, 268),
(15841, 268),
(15845, 268),
(15849, 268),
(15854, 268),
(15858, 268),
(15859, 268),
(15875, 268),
(15876, 268),
(15878, 268),
(15880, 268),
(15884, 268),
(15888, 268),
(15893, 268),
(15897, 268),
(15902, 268),
(15903, 268),
(13947, 269),
(13949, 269),
(13950, 269),
(13951, 269),
(13952, 269),
(13954, 269),
(13955, 269),
(13956, 269),
(13957, 269),
(13958, 269),
(13959, 269),
(13962, 269),
(13963, 269),
(13964, 269),
(13965, 269),
(13966, 269),
(13969, 269),
(13974, 269),
(13975, 269),
(13976, 269),
(13977, 269),
(13980, 269),
(13981, 269),
(13982, 269),
(13983, 269),
(13985, 269),
(13987, 269),
(13995, 269),
(13996, 269),
(13999, 269),
(14001, 269),
(14002, 269),
(14003, 269),
(14005, 269),
(14012, 269),
(14020, 269),
(14021, 269),
(14022, 269),
(14024, 269),
(14025, 269),
(14026, 269),
(14030, 269),
(14031, 269),
(14033, 269),
(14035, 269),
(14036, 269),
(14039, 269),
(14040, 269),
(14041, 269),
(14048, 269),
(14052, 269),
(14057, 269),
(14058, 269),
(14059, 269),
(14073, 269),
(14083, 269),
(14085, 269),
(14089, 269),
(14092, 269),
(14098, 269),
(14100, 269),
(14110, 269),
(14111, 269),
(14114, 269),
(14128, 269),
(14133, 269),
(14137, 269),
(14142, 269),
(14145, 269),
(14146, 269),
(14148, 269),
(14152, 269),
(14181, 269),
(14188, 269),
(14212, 269),
(14218, 269),
(14221, 269),
(14237, 269),
(14262, 269),
(14280, 269),
(14302, 269),
(14340, 269),
(14884, 271),
(14886, 271),
(14889, 271),
(14890, 271),
(14892, 271),
(14894, 271),
(14896, 271),
(14897, 271),
(14899, 271),
(14902, 271),
(14903, 271),
(14905, 271),
(14912, 271),
(14916, 271),
(14924, 271),
(14931, 271),
(14933, 271),
(14935, 271),
(14936, 271),
(14937, 271),
(15459, 272),
(15471, 272),
(15472, 272),
(15475, 272),
(15481, 272),
(15483, 272),
(15499, 272),
(15507, 272),
(15513, 272),
(15519, 272),
(15524, 272),
(15528, 272),
(15529, 272),
(15536, 272),
(15541, 272),
(15546, 272),
(15547, 272),
(15550, 272),
(15566, 272),
(15568, 272),
(15571, 272),
(15572, 272),
(15575, 272),
(15580, 272),
(15583, 272),
(15597, 272),
(15600, 272),
(15602, 272),
(15605, 272),
(15614, 272),
(15615, 272),
(15618, 272),
(15620, 272),
(15625, 272),
(15626, 272),
(15628, 272),
(15631, 272),
(15632, 272),
(15633, 272),
(15641, 272),
(15645, 272),
(16126, 272),
(14037, 273),
(14549, 273),
(14570, 273),
(14571, 273),
(14575, 273),
(14576, 273),
(14579, 273),
(14601, 273),
(14618, 273),
(14651, 273),
(14654, 273),
(14658, 273),
(14674, 273),
(14680, 273),
(14683, 273),
(14691, 273),
(14697, 273),
(14711, 273),
(14717, 273),
(14728, 273),
(14734, 273),
(14764, 273),
(14772, 273),
(14774, 273),
(14804, 273),
(14813, 273),
(14823, 273),
(14834, 273),
(14839, 273),
(14840, 273),
(14842, 273),
(14849, 273),
(14878, 273),
(13564, 274),
(13971, 274),
(13973, 274),
(13984, 274),
(13990, 274),
(14000, 274),
(14004, 274),
(14011, 274),
(14013, 274),
(14014, 274),
(14019, 274),
(14029, 274),
(14043, 274),
(14047, 274),
(14051, 274),
(14061, 274),
(14067, 274),
(14079, 274),
(14090, 274),
(14115, 274),
(14132, 274),
(14135, 274),
(14136, 274),
(14139, 274),
(14143, 274),
(14144, 274),
(14150, 274),
(14153, 274),
(14155, 274),
(14163, 274),
(14177, 274),
(14178, 274),
(14184, 274),
(14189, 274),
(14197, 274),
(14200, 274),
(14206, 274),
(14211, 274),
(14215, 274),
(14222, 274),
(14224, 274),
(14225, 274),
(14227, 274),
(14229, 274),
(14239, 274),
(14245, 274),
(14250, 274),
(14251, 274),
(14253, 274),
(14254, 274),
(14255, 274),
(14256, 274),
(14258, 274),
(14261, 274),
(14271, 274),
(14281, 274),
(14291, 274),
(14294, 274),
(14297, 274),
(14298, 274),
(14313, 274),
(14316, 274),
(14324, 274),
(14326, 274),
(14329, 274),
(14332, 274),
(14341, 274),
(14342, 274),
(14345, 274),
(14347, 274),
(14348, 274),
(14354, 274),
(14358, 274),
(14361, 274),
(14362, 274),
(14373, 274),
(14379, 274),
(15649, 275),
(15652, 275),
(15653, 275),
(15655, 275),
(15657, 275),
(15659, 275),
(15660, 275),
(15662, 275),
(15668, 275),
(15669, 275),
(15671, 275),
(15675, 275),
(15680, 275),
(15684, 275),
(15688, 275),
(15689, 275),
(15691, 275),
(15699, 275),
(15700, 275),
(15701, 275),
(15702, 275),
(15707, 275),
(15710, 275),
(15720, 275),
(15721, 275),
(15723, 275),
(15725, 275),
(15730, 275),
(15731, 275),
(15732, 275),
(15735, 275),
(15738, 275),
(15749, 275),
(15751, 275),
(15753, 275),
(15760, 275),
(15763, 275),
(15764, 275),
(15779, 275),
(15780, 275),
(15783, 275),
(15787, 275),
(15790, 275),
(15791, 275),
(15794, 275),
(15796, 275),
(15797, 275),
(15799, 275),
(15801, 275),
(15806, 275),
(15815, 275),
(15817, 275),
(15821, 275),
(15825, 275),
(15833, 275),
(15843, 275),
(15846, 275),
(15847, 275),
(15850, 275),
(15851, 275),
(15855, 275),
(15856, 275),
(15862, 275),
(15865, 275),
(15866, 275),
(15867, 275),
(15868, 275),
(15869, 275),
(15870, 275),
(15871, 275),
(15873, 275),
(15879, 275),
(15883, 275),
(15885, 275),
(15887, 275),
(15891, 275),
(15894, 275),
(15899, 275),
(15900, 275),
(15901, 275),
(16028, 275),
(16032, 275),
(16034, 275),
(16035, 275),
(16038, 275),
(16039, 275),
(16040, 275),
(16042, 275),
(16046, 275),
(16048, 275),
(16049, 275),
(16051, 275),
(16052, 275),
(16054, 275),
(16055, 275),
(16056, 275),
(16060, 275),
(16061, 275),
(16062, 275),
(16068, 275),
(16070, 275),
(16071, 275),
(15646, 276),
(15647, 276),
(15648, 276),
(15649, 276),
(15650, 276),
(15651, 276),
(15652, 276),
(15653, 276),
(15654, 276),
(15655, 276),
(15656, 276),
(15659, 276),
(15660, 276),
(15661, 276),
(15663, 276),
(15664, 276),
(15665, 276),
(15670, 276),
(15671, 276),
(15672, 276),
(15673, 276),
(15675, 276),
(15676, 276),
(15677, 276),
(15678, 276),
(15680, 276),
(15682, 276),
(15683, 276),
(15685, 276),
(15689, 276),
(15690, 276),
(15691, 276),
(15692, 276),
(15697, 276),
(15699, 276),
(15700, 276),
(15702, 276),
(15703, 276),
(15704, 276),
(15705, 276),
(15706, 276),
(15708, 276),
(15709, 276),
(15711, 276),
(15712, 276),
(15713, 276),
(15714, 276),
(15715, 276),
(15716, 276),
(15717, 276),
(15720, 276),
(15722, 276),
(15724, 276),
(15731, 276),
(15734, 276),
(15735, 276),
(15737, 276),
(15739, 276),
(15740, 276),
(15741, 276),
(15742, 276),
(15743, 276),
(15745, 276),
(15746, 276),
(15747, 276),
(15749, 276),
(15750, 276),
(15751, 276),
(15752, 276),
(15756, 276),
(15758, 276),
(15759, 276),
(15761, 276),
(15762, 276),
(15763, 276),
(15764, 276),
(15765, 276),
(15767, 276),
(15769, 276),
(15770, 276),
(15772, 276),
(15773, 276),
(15774, 276),
(15775, 276),
(15781, 276),
(15782, 276),
(15784, 276),
(15786, 276),
(15787, 276),
(15788, 276),
(15789, 276),
(15790, 276),
(15791, 276),
(15792, 276),
(15793, 276),
(15794, 276),
(15795, 276),
(15796, 276),
(15797, 276),
(15798, 276),
(15799, 276),
(15800, 276),
(15801, 276),
(15802, 276),
(15803, 276),
(15804, 276),
(15805, 276),
(15806, 276),
(15808, 276),
(15809, 276),
(15810, 276),
(15811, 276),
(15812, 276),
(15813, 276),
(15814, 276),
(15815, 276),
(15817, 276),
(15819, 276),
(15820, 276),
(15822, 276),
(15826, 276),
(15828, 276),
(15829, 276),
(15830, 276),
(15831, 276),
(15832, 276),
(15833, 276),
(15834, 276),
(15836, 276),
(15837, 276),
(15839, 276),
(15840, 276),
(15841, 276),
(15842, 276),
(15843, 276),
(15845, 276),
(15846, 276),
(15847, 276),
(15849, 276),
(15851, 276),
(15852, 276),
(15853, 276),
(15854, 276),
(15856, 276),
(15857, 276),
(15858, 276),
(15859, 276),
(15860, 276),
(15862, 276),
(15863, 276),
(15864, 276),
(15865, 276),
(15867, 276),
(15868, 276),
(15871, 276),
(15873, 276),
(15875, 276),
(15876, 276),
(15877, 276),
(15878, 276),
(15880, 276),
(15884, 276),
(15887, 276),
(15888, 276),
(15890, 276),
(15892, 276),
(15893, 276),
(15894, 276),
(15895, 276),
(15897, 276),
(15898, 276),
(15899, 276),
(15900, 276),
(15901, 276),
(15902, 276),
(15903, 276),
(16028, 276),
(16029, 276),
(16032, 276),
(16035, 276),
(16037, 276),
(16038, 276),
(16039, 276),
(16040, 276),
(16043, 276),
(16046, 276),
(16047, 276),
(16051, 276),
(16054, 276),
(16055, 276),
(16057, 276),
(16058, 276),
(16060, 276),
(16061, 276),
(16062, 276),
(16064, 276),
(16068, 276),
(16069, 276),
(16070, 276),
(16071, 276),
(13564, 312),
(13685, 312),
(13947, 312),
(13949, 312),
(13950, 312),
(13951, 312),
(13952, 312),
(13953, 312),
(13954, 312),
(13955, 312),
(13956, 312),
(13957, 312),
(13958, 312),
(13959, 312),
(13960, 312),
(13961, 312),
(13962, 312),
(13963, 312),
(13964, 312),
(13965, 312),
(13966, 312),
(13968, 312),
(13969, 312),
(13970, 312),
(13971, 312),
(13973, 312),
(13974, 312),
(13975, 312),
(13976, 312),
(13977, 312),
(13979, 312),
(13980, 312),
(13981, 312),
(13982, 312),
(13983, 312),
(13984, 312),
(13985, 312),
(13986, 312),
(13987, 312),
(13988, 312),
(13989, 312),
(13990, 312),
(13992, 312),
(13993, 312),
(13994, 312),
(13995, 312),
(13996, 312),
(13998, 312),
(13999, 312),
(14000, 312),
(14001, 312),
(14002, 312),
(14003, 312),
(14004, 312),
(14005, 312),
(14008, 312),
(14009, 312),
(14010, 312),
(14011, 312),
(14012, 312),
(14013, 312),
(14014, 312),
(14015, 312),
(14017, 312),
(14018, 312),
(14019, 312),
(14020, 312),
(14021, 312),
(14022, 312),
(14023, 312),
(14024, 312),
(14025, 312),
(14026, 312),
(14027, 312),
(14028, 312),
(14029, 312),
(14030, 312),
(14031, 312),
(14032, 312),
(14033, 312),
(14034, 312),
(14035, 312),
(14036, 312),
(14037, 312),
(14038, 312),
(14039, 312),
(14040, 312),
(14041, 312),
(14042, 312),
(14043, 312),
(14045, 312),
(14046, 312),
(14047, 312),
(14048, 312),
(14049, 312),
(14050, 312),
(14051, 312),
(14052, 312),
(14053, 312),
(14054, 312),
(14055, 312),
(14056, 312),
(14057, 312),
(14058, 312),
(14059, 312),
(14060, 312),
(14061, 312),
(14062, 312),
(14063, 312),
(14064, 312),
(14065, 312),
(14066, 312),
(14067, 312),
(14068, 312),
(14069, 312),
(14070, 312),
(14071, 312),
(14072, 312),
(14073, 312),
(14075, 312),
(14076, 312),
(14077, 312),
(14078, 312),
(14079, 312),
(14080, 312),
(14081, 312),
(14082, 312),
(14083, 312),
(14084, 312),
(14085, 312),
(14086, 312),
(14088, 312),
(14089, 312),
(14090, 312),
(14091, 312),
(14092, 312),
(14093, 312),
(14094, 312),
(14095, 312),
(14096, 312),
(14097, 312),
(14098, 312),
(14099, 312),
(14100, 312),
(14101, 312),
(14102, 312),
(14103, 312),
(14104, 312),
(14105, 312),
(14106, 312),
(14107, 312),
(14108, 312),
(14109, 312),
(14110, 312),
(14111, 312),
(14112, 312),
(14113, 312),
(14114, 312),
(14115, 312),
(14116, 312),
(14117, 312),
(14118, 312),
(14119, 312),
(14120, 312),
(14122, 312),
(14123, 312),
(14124, 312),
(14126, 312),
(14128, 312),
(14129, 312),
(14130, 312),
(14131, 312),
(14132, 312),
(14133, 312),
(14134, 312),
(14135, 312),
(14136, 312),
(14137, 312),
(14138, 312),
(14139, 312),
(14140, 312),
(14141, 312),
(14142, 312),
(14143, 312),
(14144, 312),
(14145, 312),
(14146, 312),
(14147, 312),
(14148, 312),
(14150, 312),
(14151, 312),
(14152, 312),
(14153, 312),
(14154, 312),
(14155, 312),
(14156, 312),
(14157, 312),
(14158, 312),
(14159, 312),
(14160, 312),
(14161, 312),
(14162, 312),
(14163, 312),
(14164, 312),
(14165, 312),
(14166, 312),
(14167, 312),
(14168, 312),
(14169, 312),
(14170, 312),
(14171, 312),
(14172, 312),
(14173, 312),
(14174, 312),
(14175, 312),
(14176, 312),
(14177, 312),
(14178, 312),
(14179, 312),
(14180, 312),
(14181, 312),
(14182, 312),
(14183, 312),
(14184, 312),
(14188, 312),
(14189, 312),
(14191, 312),
(14192, 312),
(14193, 312),
(14194, 312),
(14195, 312),
(14196, 312),
(14197, 312),
(14199, 312),
(14200, 312),
(14201, 312),
(14202, 312),
(14203, 312),
(14204, 312),
(14206, 312),
(14207, 312),
(14208, 312),
(14209, 312),
(14211, 312),
(14212, 312),
(14213, 312),
(14214, 312),
(14215, 312),
(14216, 312),
(14217, 312),
(14218, 312),
(14219, 312),
(14220, 312),
(14221, 312),
(14222, 312),
(14223, 312),
(14224, 312),
(14225, 312),
(14226, 312),
(14227, 312),
(14228, 312),
(14229, 312),
(14230, 312),
(14231, 312),
(14232, 312),
(14233, 312),
(14234, 312),
(14235, 312),
(14236, 312),
(14237, 312),
(14238, 312),
(14239, 312),
(14240, 312),
(14241, 312),
(14243, 312),
(14245, 312),
(14246, 312),
(14247, 312),
(14248, 312),
(14250, 312),
(14251, 312),
(14252, 312),
(14253, 312),
(14254, 312),
(14255, 312),
(14256, 312),
(14257, 312),
(14258, 312),
(14259, 312),
(14260, 312),
(14261, 312),
(14262, 312),
(14263, 312),
(14264, 312),
(14266, 312),
(14267, 312),
(14268, 312),
(14269, 312),
(14270, 312),
(14271, 312),
(14272, 312),
(14274, 312),
(14275, 312),
(14277, 312),
(14278, 312),
(14279, 312),
(14280, 312),
(14281, 312),
(14282, 312),
(14283, 312),
(14284, 312),
(14285, 312),
(14286, 312),
(14287, 312),
(14289, 312),
(14290, 312),
(14291, 312),
(14292, 312),
(14293, 312),
(14294, 312),
(14295, 312),
(14296, 312),
(14297, 312),
(14298, 312),
(14299, 312),
(14300, 312),
(14302, 312),
(14304, 312),
(14305, 312),
(14306, 312),
(14307, 312),
(14308, 312),
(14309, 312),
(14310, 312),
(14311, 312),
(14312, 312),
(14313, 312),
(14314, 312),
(14315, 312),
(14316, 312),
(14317, 312),
(14318, 312),
(14319, 312),
(14320, 312),
(14321, 312),
(14322, 312),
(14323, 312),
(14324, 312),
(14325, 312),
(14326, 312),
(14327, 312),
(14328, 312),
(14329, 312),
(14330, 312),
(14331, 312),
(14332, 312),
(14334, 312),
(14335, 312),
(14336, 312),
(14337, 312),
(14338, 312),
(14339, 312),
(14340, 312),
(14341, 312),
(14342, 312),
(14343, 312),
(14345, 312),
(14346, 312),
(14347, 312),
(14348, 312),
(14351, 312),
(14353, 312),
(14354, 312),
(14355, 312),
(14357, 312),
(14358, 312),
(14359, 312),
(14360, 312),
(14361, 312),
(14362, 312),
(14363, 312),
(14369, 312),
(14370, 312),
(14372, 312),
(14373, 312),
(14376, 312),
(14377, 312),
(14379, 312),
(14449, 312),
(14518, 312),
(14522, 312),
(14526, 312),
(14535, 312),
(14539, 312),
(14548, 312),
(14549, 312),
(14551, 312),
(14553, 312),
(14555, 312),
(14556, 312),
(14561, 312),
(14562, 312),
(14565, 312),
(14567, 312),
(14570, 312),
(14571, 312),
(14575, 312),
(14576, 312),
(14578, 312),
(14579, 312),
(14583, 312),
(14585, 312),
(14587, 312),
(14598, 312),
(14601, 312),
(14603, 312),
(14609, 312),
(14611, 312),
(14618, 312),
(14619, 312),
(14623, 312),
(14633, 312),
(14640, 312),
(14642, 312),
(14644, 312),
(14651, 312),
(14654, 312),
(14658, 312),
(14661, 312),
(14663, 312),
(14665, 312),
(14667, 312),
(14668, 312),
(14669, 312),
(14670, 312),
(14674, 312),
(14677, 312),
(14680, 312),
(14683, 312),
(14686, 312),
(14688, 312),
(14689, 312),
(14691, 312),
(14692, 312),
(14697, 312),
(14706, 312),
(14710, 312),
(14711, 312),
(14713, 312),
(14717, 312),
(14722, 312),
(14725, 312),
(14728, 312),
(14732, 312),
(14733, 312),
(14734, 312),
(14740, 312),
(14750, 312),
(14756, 312),
(14761, 312),
(14763, 312),
(14764, 312),
(14765, 312),
(14768, 312),
(14772, 312),
(14774, 312),
(14780, 312),
(14781, 312),
(14784, 312),
(14787, 312),
(14789, 312),
(14794, 312),
(14795, 312),
(14797, 312),
(14798, 312),
(14799, 312),
(14804, 312),
(14806, 312),
(14810, 312),
(14812, 312),
(14813, 312),
(14814, 312),
(14817, 312),
(14818, 312),
(14821, 312),
(14822, 312),
(14823, 312),
(14826, 312),
(14830, 312),
(14833, 312),
(14834, 312),
(14835, 312),
(14836, 312),
(14838, 312),
(14839, 312),
(14840, 312),
(14842, 312),
(14846, 312),
(14849, 312),
(14852, 312),
(14854, 312),
(14858, 312),
(14860, 312),
(14861, 312),
(14864, 312),
(14872, 312),
(14873, 312),
(14876, 312),
(14878, 312),
(14881, 312),
(14883, 312),
(14884, 312),
(14885, 312),
(14886, 312),
(14888, 312),
(14889, 312),
(14890, 312),
(14891, 312),
(14892, 312),
(14893, 312),
(14894, 312),
(14895, 312),
(14896, 312),
(14897, 312),
(14898, 312),
(14899, 312),
(14902, 312),
(14903, 312),
(14904, 312),
(14905, 312),
(14906, 312),
(14907, 312),
(14909, 312),
(14910, 312),
(14911, 312),
(14912, 312),
(14913, 312),
(14914, 312),
(14915, 312),
(14916, 312),
(14917, 312),
(14918, 312),
(14919, 312),
(14924, 312),
(14925, 312),
(14927, 312),
(14928, 312),
(14929, 312),
(14930, 312),
(14931, 312),
(14933, 312),
(14935, 312),
(14936, 312),
(14937, 312),
(14939, 312),
(14940, 312),
(14941, 312),
(14942, 312),
(15457, 312),
(15458, 312),
(15459, 312),
(15460, 312),
(15461, 312),
(15462, 312),
(15463, 312),
(15464, 312),
(15465, 312),
(15466, 312),
(15467, 312),
(15468, 312),
(15469, 312),
(15470, 312),
(15471, 312),
(15472, 312),
(15473, 312),
(15474, 312),
(15475, 312),
(15477, 312),
(15478, 312),
(15479, 312),
(15480, 312),
(15481, 312),
(15482, 312),
(15483, 312),
(15484, 312),
(15485, 312),
(15486, 312),
(15487, 312),
(15488, 312),
(15489, 312),
(15490, 312),
(15491, 312),
(15492, 312),
(15493, 312),
(15494, 312),
(15495, 312),
(15496, 312),
(15498, 312),
(15499, 312),
(15500, 312),
(15501, 312),
(15502, 312),
(15504, 312),
(15506, 312),
(15507, 312),
(15509, 312),
(15510, 312),
(15511, 312),
(15512, 312),
(15513, 312),
(15514, 312),
(15515, 312),
(15516, 312),
(15517, 312),
(15518, 312),
(15519, 312),
(15520, 312),
(15521, 312),
(15522, 312),
(15523, 312),
(15524, 312),
(15525, 312),
(15526, 312),
(15527, 312),
(15528, 312),
(15529, 312),
(15530, 312),
(15531, 312),
(15532, 312),
(15533, 312),
(15534, 312),
(15535, 312),
(15536, 312),
(15537, 312),
(15538, 312),
(15539, 312),
(15540, 312),
(15541, 312),
(15542, 312),
(15543, 312),
(15544, 312),
(15545, 312),
(15546, 312),
(15547, 312),
(15548, 312),
(15549, 312),
(15550, 312),
(15551, 312),
(15552, 312),
(15553, 312),
(15555, 312),
(15556, 312),
(15557, 312),
(15558, 312),
(15560, 312),
(15561, 312),
(15562, 312),
(15563, 312),
(15564, 312),
(15565, 312),
(15566, 312),
(15567, 312),
(15568, 312),
(15569, 312),
(15570, 312),
(15571, 312),
(15572, 312),
(15573, 312),
(15574, 312),
(15575, 312),
(15576, 312),
(15577, 312),
(15578, 312),
(15579, 312),
(15580, 312),
(15581, 312),
(15582, 312),
(15583, 312),
(15584, 312),
(15586, 312),
(15587, 312),
(15588, 312),
(15589, 312),
(15590, 312),
(15591, 312),
(15592, 312),
(15593, 312),
(15594, 312),
(15595, 312),
(15596, 312),
(15597, 312),
(15599, 312),
(15600, 312),
(15601, 312),
(15602, 312),
(15603, 312),
(15604, 312),
(15605, 312),
(15606, 312),
(15607, 312),
(15608, 312),
(15609, 312),
(15610, 312),
(15611, 312),
(15612, 312),
(15613, 312),
(15614, 312),
(15615, 312),
(15616, 312),
(15617, 312),
(15618, 312),
(15620, 312),
(15621, 312),
(15623, 312),
(15624, 312),
(15625, 312),
(15626, 312),
(15627, 312),
(15628, 312),
(15629, 312),
(15630, 312),
(15631, 312),
(15632, 312),
(15633, 312),
(15634, 312),
(15635, 312),
(15636, 312),
(15637, 312),
(15638, 312),
(15639, 312),
(15640, 312),
(15641, 312),
(15642, 312),
(15643, 312),
(15644, 312),
(15645, 312),
(15904, 312),
(15905, 312),
(15906, 312),
(15907, 312),
(15908, 312),
(15909, 312),
(15910, 312),
(15911, 312),
(15912, 312),
(15913, 312),
(15914, 312),
(15916, 312),
(15917, 312),
(15918, 312),
(15919, 312),
(15920, 312),
(15921, 312),
(15922, 312),
(15923, 312),
(15924, 312),
(15925, 312),
(15926, 312),
(15927, 312),
(15928, 312),
(15929, 312),
(15930, 312),
(15931, 312),
(15932, 312),
(15933, 312),
(15934, 312),
(15935, 312),
(15936, 312),
(15937, 312),
(15938, 312),
(15940, 312),
(15941, 312),
(15943, 312),
(15944, 312),
(15945, 312),
(15946, 312),
(15947, 312),
(15948, 312),
(15949, 312),
(15950, 312),
(15951, 312),
(15952, 312),
(15953, 312),
(15954, 312),
(15955, 312),
(15956, 312),
(15957, 312),
(15958, 312),
(15959, 312),
(15960, 312),
(15962, 312),
(15963, 312),
(16081, 312),
(16082, 312),
(16083, 312),
(16084, 312),
(16085, 312),
(16086, 312),
(16087, 312),
(16089, 312),
(16090, 312),
(16091, 312),
(16093, 312),
(16094, 312),
(16095, 312),
(16096, 312),
(16097, 312),
(16098, 312),
(16099, 312),
(16100, 312),
(16101, 312),
(16102, 312),
(16103, 312),
(16104, 312),
(16105, 312),
(16106, 312),
(16107, 312),
(16108, 312),
(16109, 312),
(16110, 312),
(16111, 312),
(16112, 312),
(16113, 312),
(16114, 312),
(16115, 312),
(16116, 312),
(16118, 312),
(16120, 312),
(16121, 312),
(16122, 312),
(16123, 312),
(16124, 312),
(16125, 312),
(16126, 312),
(16128, 312),
(16130, 312),
(16131, 312),
(16133, 312),
(16135, 312),
(16136, 312),
(16137, 312),
(16139, 312),
(16140, 312),
(16141, 312),
(16142, 312),
(16143, 312),
(16144, 312),
(16145, 312),
(16146, 312),
(16148, 312),
(16151, 312),
(16152, 312),
(16154, 312),
(16158, 312),
(16160, 312),
(16162, 312),
(14037, 314),
(14454, 314),
(14455, 314),
(14457, 314),
(14458, 314),
(14459, 314),
(14461, 314),
(14463, 314),
(14465, 314),
(14466, 314),
(14467, 314),
(14468, 314),
(14471, 314),
(14472, 314),
(14473, 314),
(14474, 314),
(14475, 314),
(14478, 314),
(14481, 314),
(14483, 314),
(14489, 314),
(14490, 314),
(14491, 314),
(14492, 314),
(14493, 314),
(14498, 314),
(14499, 314),
(14500, 314),
(14501, 314),
(14502, 314),
(14503, 314),
(14505, 314),
(14506, 314),
(14517, 314),
(14549, 314),
(14570, 314),
(14571, 314),
(14575, 314),
(14576, 314),
(14579, 314),
(14599, 314),
(14601, 314),
(14602, 314),
(14605, 314),
(14607, 314),
(14608, 314),
(14615, 314),
(14618, 314),
(14635, 314),
(14641, 314),
(14649, 314),
(14651, 314),
(14654, 314),
(14658, 314),
(14673, 314),
(14674, 314),
(14675, 314),
(14680, 314),
(14683, 314),
(14685, 314),
(14691, 314),
(14696, 314),
(14697, 314),
(14709, 314),
(14711, 314),
(14717, 314),
(14728, 314),
(14734, 314),
(14742, 314),
(14754, 314),
(14764, 314),
(14772, 314),
(14774, 314),
(14778, 314),
(14804, 314),
(14805, 314),
(14809, 314),
(14813, 314),
(14820, 314),
(14823, 314),
(14824, 314),
(14834, 314),
(14839, 314),
(14840, 314),
(14842, 314),
(14849, 314),
(14851, 314),
(14878, 314),
(14879, 314),
(15002, 314),
(13971, 316),
(14009, 316),
(14011, 316),
(14013, 316),
(14014, 316),
(14018, 316),
(14027, 316),
(14032, 316),
(14043, 316),
(14046, 316),
(14051, 316),
(14060, 316),
(14061, 316),
(14067, 316),
(14071, 316),
(14072, 316),
(14079, 316),
(14090, 316),
(14109, 316),
(14116, 316),
(14120, 316),
(14124, 316),
(14129, 316),
(14132, 316),
(14135, 316),
(14136, 316),
(14139, 316),
(14144, 316),
(14151, 316),
(14153, 316),
(14164, 316),
(14170, 316),
(14171, 316),
(14175, 316),
(14177, 316),
(14178, 316),
(14184, 316),
(14193, 316),
(14195, 316),
(14196, 316),
(14200, 316),
(14203, 316),
(14204, 316),
(14206, 316),
(14211, 316),
(14214, 316),
(14216, 316),
(14219, 316),
(14222, 316),
(14241, 316),
(14245, 316),
(14251, 316),
(14253, 316),
(14258, 316),
(14269, 316),
(14274, 316),
(14275, 316),
(14277, 316),
(14281, 316),
(14282, 316),
(14284, 316),
(14291, 316),
(14297, 316),
(14304, 316),
(14308, 316),
(14311, 316),
(14313, 316),
(14324, 316),
(14326, 316),
(14330, 316),
(14334, 316),
(14342, 316),
(14347, 316),
(14348, 316),
(14353, 316),
(14355, 316),
(14360, 316),
(14361, 316),
(14362, 316),
(14373, 316),
(14376, 316),
(14377, 316),
(14456, 333),
(14480, 333),
(14497, 333),
(14513, 333),
(14554, 333),
(14589, 333),
(14591, 333),
(14612, 333),
(14622, 333),
(14625, 333),
(14626, 333),
(14627, 333),
(14630, 333),
(14636, 333),
(14647, 333),
(14659, 333),
(14701, 333),
(14707, 333),
(14712, 333),
(14715, 333),
(14753, 333),
(14760, 333),
(14767, 333),
(14786, 333),
(14791, 333),
(14800, 333),
(14801, 333),
(14857, 333),
(14863, 333),
(14884, 334),
(14885, 334),
(14886, 334),
(14888, 334),
(14889, 334),
(14890, 334),
(14891, 334),
(14892, 334),
(14893, 334),
(14894, 334),
(14895, 334),
(14896, 334),
(14897, 334),
(14898, 334),
(14899, 334),
(14902, 334),
(14903, 334),
(14904, 334),
(14905, 334),
(14906, 334),
(14907, 334),
(14909, 334),
(14910, 334),
(14911, 334),
(14912, 334),
(14913, 334),
(14915, 334),
(14916, 334),
(14917, 334),
(14918, 334),
(14919, 334),
(14924, 334),
(14925, 334),
(14928, 334),
(14929, 334),
(14930, 334),
(14931, 334),
(14933, 334),
(14935, 334),
(14936, 334),
(14937, 334),
(14939, 334),
(14940, 334),
(14941, 334),
(14942, 334),
(15646, 338),
(15648, 338),
(15656, 338),
(15663, 338),
(15665, 338),
(15672, 338),
(15677, 338),
(15682, 338),
(15692, 338),
(15697, 338),
(15706, 338),
(15708, 338),
(15709, 338),
(15713, 338),
(15714, 338),
(15715, 338),
(15716, 338),
(15717, 338),
(15722, 338),
(15737, 338),
(15739, 338),
(15742, 338),
(15743, 338),
(15746, 338),
(15750, 338),
(15752, 338),
(15756, 338),
(15758, 338),
(15762, 338),
(15767, 338),
(15769, 338),
(15770, 338),
(15773, 338),
(15774, 338),
(15775, 338),
(15784, 338),
(15788, 338),
(15795, 338),
(15800, 338),
(15803, 338),
(15804, 338),
(15805, 338),
(15808, 338),
(15810, 338),
(15812, 338),
(15813, 338),
(15814, 338),
(15822, 338),
(15826, 338),
(15829, 338),
(15830, 338),
(15832, 338),
(15837, 338),
(15839, 338),
(15849, 338),
(15853, 338),
(15857, 338),
(15859, 338),
(15863, 338),
(15864, 338),
(15875, 338),
(15877, 338),
(15878, 338),
(15888, 338),
(15890, 338),
(15892, 338),
(15898, 338),
(16029, 338),
(15657, 370),
(15662, 370),
(15666, 370),
(15668, 370),
(15669, 370),
(15679, 370),
(15681, 370),
(15684, 370),
(15687, 370),
(15688, 370),
(15693, 370),
(15694, 370),
(15696, 370),
(15701, 370),
(15707, 370),
(15710, 370),
(15721, 370),
(15723, 370),
(15725, 370),
(15729, 370),
(15730, 370),
(15732, 370),
(15733, 370),
(15738, 370),
(15744, 370),
(15753, 370),
(15757, 370),
(15760, 370),
(15766, 370),
(15768, 370),
(15771, 370),
(15776, 370),
(15777, 370),
(15778, 370),
(15779, 370),
(15780, 370),
(15783, 370),
(15785, 370),
(15807, 370),
(15816, 370),
(15818, 370),
(15821, 370),
(15825, 370),
(15827, 370),
(15844, 370),
(15848, 370),
(15850, 370),
(15855, 370),
(15866, 370),
(15869, 370),
(15870, 370),
(15872, 370),
(15874, 370),
(15879, 370),
(15883, 370),
(15885, 370),
(15886, 370),
(15889, 370),
(15891, 370),
(15904, 370),
(15905, 370),
(15906, 370),
(15907, 370),
(15908, 370),
(15909, 370),
(15910, 370),
(15911, 370),
(15912, 370),
(15913, 370),
(15914, 370),
(15916, 370),
(15917, 370),
(15918, 370),
(15919, 370),
(15920, 370),
(15921, 370),
(15922, 370),
(15923, 370),
(15924, 370),
(15925, 370),
(15926, 370),
(15927, 370),
(15928, 370),
(15929, 370),
(15930, 370),
(15931, 370),
(15932, 370),
(15933, 370),
(15934, 370),
(15935, 370),
(15936, 370),
(15937, 370),
(15938, 370),
(15940, 370),
(15941, 370),
(15943, 370),
(15944, 370),
(15945, 370),
(15946, 370),
(15947, 370),
(15948, 370),
(15949, 370),
(15950, 370),
(15951, 370),
(15952, 370),
(15953, 370),
(15954, 370),
(15955, 370),
(15956, 370),
(15957, 370),
(15958, 370),
(15959, 370),
(15960, 370),
(15962, 370),
(15963, 370),
(16034, 370),
(16041, 370),
(16042, 370),
(16048, 370),
(16049, 370),
(16052, 370),
(16056, 370),
(16063, 370),
(16067, 370),
(15460, 376),
(15463, 376),
(15465, 376),
(15467, 376),
(15469, 376),
(15470, 376),
(15473, 376),
(15474, 376),
(15480, 376),
(15486, 376),
(15487, 376),
(15488, 376),
(15489, 376),
(15490, 376),
(15493, 376),
(15495, 376),
(15496, 376),
(15502, 376),
(15504, 376),
(15509, 376),
(15510, 376),
(15511, 376),
(15515, 376),
(15516, 376),
(15523, 376),
(15525, 376),
(15526, 376),
(15527, 376),
(15530, 376),
(15533, 376),
(15534, 376),
(15537, 376),
(15538, 376),
(15539, 376),
(15540, 376),
(15542, 376),
(15543, 376),
(15545, 376),
(15548, 376),
(15551, 376),
(15557, 376),
(15558, 376),
(15560, 376),
(15561, 376),
(15562, 376),
(15563, 376),
(15564, 376),
(15565, 376),
(15567, 376),
(15569, 376),
(15570, 376),
(15573, 376),
(15574, 376),
(15576, 376),
(15577, 376),
(15581, 376),
(15587, 376),
(15588, 376),
(15589, 376),
(15591, 376),
(15593, 376),
(15594, 376),
(15595, 376),
(15596, 376),
(15601, 376),
(15603, 376),
(15606, 376),
(15607, 376),
(15609, 376),
(15610, 376),
(15611, 376),
(15612, 376),
(15613, 376),
(15616, 376),
(15617, 376),
(15623, 376),
(15627, 376),
(15629, 376),
(15630, 376),
(15635, 376),
(15636, 376),
(15640, 376),
(15643, 376),
(15644, 376),
(15905, 376),
(15906, 376),
(15909, 376),
(15910, 376),
(15913, 376),
(15914, 376),
(15917, 376),
(15918, 376),
(15921, 376),
(15922, 376),
(15925, 376),
(15926, 376),
(15929, 376),
(15930, 376),
(15933, 376),
(15934, 376),
(15937, 376),
(15938, 376),
(15941, 376),
(15945, 376),
(15946, 376),
(15949, 376),
(15950, 376),
(15953, 376),
(15954, 376),
(15957, 376),
(15958, 376),
(15962, 376),
(16082, 376),
(16085, 376),
(16086, 376),
(16087, 376),
(16090, 376),
(16091, 376),
(16093, 376),
(16094, 376),
(16096, 376),
(16099, 376),
(16102, 376),
(16103, 376),
(16104, 376),
(16109, 376),
(16111, 376),
(16113, 376),
(16114, 376),
(16115, 376),
(16116, 376),
(16118, 376),
(16120, 376),
(16123, 376),
(16124, 376),
(16130, 376),
(16131, 376),
(16135, 376),
(16136, 376),
(16137, 376),
(16139, 376),
(16140, 376),
(16141, 376),
(16143, 376),
(16145, 376),
(16146, 376),
(16152, 376),
(16160, 376),
(14514, 380),
(14515, 380),
(14519, 380),
(14566, 380),
(14568, 380),
(14572, 380),
(14574, 380),
(14580, 380),
(14594, 380),
(14596, 380),
(14600, 380),
(14613, 380),
(14650, 380),
(14662, 380),
(14684, 380),
(14694, 380),
(14698, 380),
(14705, 380),
(14718, 380),
(14721, 380),
(14723, 380),
(14731, 380),
(14745, 380),
(14748, 380),
(14775, 380),
(14779, 380),
(14785, 380),
(14808, 380),
(14811, 380),
(14816, 380),
(14828, 380),
(14841, 380),
(14843, 380),
(14866, 380),
(14868, 380),
(14050, 382),
(14518, 382),
(14522, 382),
(14526, 382),
(14535, 382),
(14539, 382),
(14548, 382),
(14551, 382),
(14553, 382),
(14555, 382),
(14556, 382),
(14561, 382),
(14562, 382),
(14565, 382),
(14567, 382),
(14578, 382),
(14583, 382),
(14585, 382),
(14587, 382),
(14598, 382),
(14603, 382),
(14609, 382),
(14611, 382),
(14619, 382),
(14623, 382),
(14633, 382),
(14640, 382),
(14642, 382),
(14644, 382),
(14661, 382),
(14663, 382),
(14665, 382),
(14667, 382),
(14668, 382),
(14669, 382),
(14670, 382),
(14677, 382),
(14686, 382),
(14688, 382),
(14689, 382),
(14692, 382),
(14706, 382),
(14710, 382),
(14713, 382),
(14722, 382),
(14725, 382),
(14732, 382),
(14733, 382),
(14740, 382),
(14750, 382),
(14756, 382),
(14761, 382),
(14763, 382),
(14765, 382),
(14768, 382),
(14780, 382),
(14781, 382),
(14784, 382),
(14787, 382),
(14789, 382),
(14794, 382),
(14795, 382),
(14797, 382),
(14798, 382),
(14799, 382),
(14806, 382),
(14810, 382),
(14812, 382),
(14814, 382),
(14817, 382),
(14818, 382),
(14821, 382),
(14822, 382),
(14826, 382),
(14830, 382),
(14833, 382),
(14835, 382),
(14836, 382),
(14838, 382),
(14846, 382),
(14852, 382),
(14854, 382),
(14858, 382),
(14860, 382),
(14861, 382),
(14864, 382),
(14872, 382),
(14873, 382),
(14876, 382),
(14881, 382),
(14883, 382),
(14914, 382),
(14927, 382),
(15646, 383),
(15655, 383),
(15659, 383),
(15663, 383),
(15665, 383),
(15672, 383),
(15682, 383),
(15691, 383),
(15702, 383),
(15708, 383),
(15713, 383),
(15715, 383),
(15720, 383),
(15735, 383),
(15742, 383),
(15746, 383),
(15750, 383),
(15751, 383),
(15752, 383),
(15764, 383),
(15770, 383),
(15774, 383),
(15775, 383),
(15791, 383),
(15794, 383),
(15795, 383),
(15797, 383),
(15799, 383),
(15801, 383),
(15803, 383),
(15810, 383),
(15812, 383),
(15815, 383),
(15817, 383),
(15822, 383),
(15829, 383),
(15830, 383),
(15832, 383),
(15846, 383),
(15853, 383),
(15856, 383),
(15857, 383),
(15863, 383),
(15864, 383),
(15865, 383),
(15868, 383),
(15873, 383),
(15877, 383),
(15890, 383),
(15892, 383),
(15898, 383),
(15900, 383),
(15901, 383),
(16029, 383),
(16032, 383),
(16038, 383),
(16039, 383),
(16046, 383),
(16051, 383),
(16055, 383),
(16060, 383),
(16062, 383),
(16070, 383),
(14464, 384),
(14482, 384),
(14487, 384),
(14550, 384),
(14557, 384),
(14558, 384),
(14559, 384),
(14560, 384),
(14563, 384),
(14573, 384),
(14581, 384),
(14582, 384),
(14590, 384),
(14592, 384),
(14593, 384),
(14597, 384),
(14604, 384),
(14610, 384),
(14614, 384),
(14624, 384),
(14628, 384),
(14629, 384),
(14631, 384),
(14634, 384),
(14639, 384),
(14643, 384),
(14645, 384),
(14648, 384),
(14653, 384),
(14666, 384),
(14679, 384),
(14681, 384),
(14687, 384),
(14690, 384),
(14699, 384),
(14700, 384),
(14702, 384),
(14708, 384),
(14714, 384),
(14726, 384),
(14729, 384),
(14739, 384),
(14746, 384),
(14749, 384),
(14759, 384),
(14766, 384),
(14769, 384),
(14776, 384),
(14777, 384),
(14782, 384),
(14788, 384),
(14792, 384),
(14796, 384),
(14802, 384),
(14825, 384),
(14827, 384),
(14829, 384),
(14837, 384),
(14848, 384),
(14865, 384),
(14875, 384),
(15465, 389),
(15469, 389),
(15486, 389),
(15488, 389),
(15502, 389),
(15516, 389),
(15526, 389),
(15527, 389),
(15530, 389),
(15537, 389),
(15538, 389),
(15560, 389),
(15562, 389),
(15570, 389),
(15587, 389),
(15591, 389),
(15593, 389),
(15596, 389),
(15607, 389),
(15617, 389),
(15629, 389),
(16093, 389),
(16099, 389),
(16102, 389),
(16103, 389),
(16113, 389),
(16114, 389),
(16115, 389),
(16118, 389),
(16120, 389),
(16123, 389),
(16124, 389),
(16130, 389),
(16131, 389),
(16139, 389),
(16141, 389),
(16146, 389),
(16152, 389),
(15649, 393),
(15650, 393),
(15652, 393),
(15653, 393),
(15660, 393),
(15664, 393),
(15671, 393),
(15675, 393),
(15676, 393),
(15678, 393),
(15680, 393),
(15685, 393),
(15689, 393),
(15699, 393),
(15700, 393),
(15704, 393),
(15731, 393),
(15734, 393),
(15740, 393),
(15747, 393),
(15749, 393),
(15761, 393),
(15763, 393),
(15772, 393),
(15782, 393),
(15786, 393),
(15787, 393),
(15790, 393),
(15793, 393),
(15796, 393),
(15802, 393),
(15806, 393),
(15819, 393),
(15833, 393),
(15834, 393),
(15836, 393),
(15842, 393),
(15843, 393),
(15847, 393),
(15851, 393),
(15852, 393),
(15860, 393),
(15862, 393),
(15867, 393),
(15871, 393),
(15887, 393),
(15894, 393),
(15895, 393),
(15899, 393),
(16028, 393),
(16035, 393),
(16037, 393),
(16040, 393),
(16043, 393),
(16047, 393),
(16054, 393),
(16057, 393),
(16058, 393),
(16061, 393),
(16064, 393),
(16068, 393),
(16069, 393),
(16071, 393),
(15647, 394),
(15651, 394),
(15654, 394),
(15661, 394),
(15670, 394),
(15673, 394),
(15683, 394),
(15690, 394),
(15703, 394),
(15705, 394),
(15711, 394),
(15712, 394),
(15724, 394),
(15741, 394),
(15745, 394),
(15759, 394),
(15765, 394),
(15781, 394),
(15789, 394),
(15792, 394),
(15798, 394),
(15809, 394),
(15811, 394),
(15820, 394),
(15828, 394),
(15831, 394),
(15840, 394),
(15841, 394),
(15845, 394),
(15854, 394),
(15858, 394),
(15876, 394),
(15880, 394),
(15884, 394),
(15893, 394),
(15897, 394),
(15902, 394),
(15903, 394),
(15655, 399),
(15659, 399),
(15691, 399),
(15702, 399),
(15720, 399),
(15735, 399),
(15751, 399),
(15764, 399),
(15791, 399),
(15794, 399),
(15797, 399),
(15799, 399),
(15801, 399),
(15815, 399),
(15817, 399),
(15846, 399),
(15856, 399),
(15865, 399),
(15868, 399),
(15873, 399),
(15900, 399),
(15901, 399),
(16032, 399),
(16038, 399),
(16039, 399),
(16046, 399),
(16051, 399),
(16055, 399),
(16060, 399),
(16062, 399),
(16070, 399),
(15646, 402),
(15655, 402),
(15659, 402),
(15663, 402),
(15665, 402),
(15672, 402),
(15682, 402),
(15691, 402),
(15702, 402),
(15708, 402),
(15713, 402),
(15715, 402),
(15720, 402),
(15735, 402),
(15742, 402),
(15746, 402),
(15750, 402),
(15751, 402),
(15752, 402),
(15764, 402),
(15770, 402),
(15774, 402),
(15775, 402),
(15791, 402),
(15794, 402),
(15795, 402),
(15797, 402),
(15799, 402),
(15801, 402),
(15803, 402),
(15810, 402),
(15812, 402),
(15815, 402),
(15817, 402),
(15822, 402),
(15829, 402),
(15830, 402),
(15832, 402),
(15846, 402),
(15853, 402),
(15856, 402),
(15857, 402),
(15863, 402),
(15864, 402),
(15865, 402),
(15868, 402),
(15873, 402),
(15877, 402),
(15890, 402),
(15892, 402),
(15898, 402),
(15900, 402),
(15901, 402),
(16029, 402),
(16032, 402),
(16038, 402),
(16039, 402),
(16046, 402),
(16051, 402),
(16055, 402),
(16060, 402),
(16062, 402),
(16070, 402),
(15647, 403),
(15649, 403),
(15650, 403),
(15651, 403),
(15652, 403),
(15653, 403),
(15654, 403),
(15657, 403),
(15660, 403),
(15661, 403),
(15662, 403),
(15664, 403),
(15668, 403),
(15669, 403),
(15670, 403),
(15671, 403),
(15673, 403),
(15675, 403),
(15676, 403),
(15678, 403),
(15680, 403),
(15683, 403),
(15684, 403),
(15685, 403),
(15688, 403),
(15689, 403),
(15690, 403),
(15699, 403),
(15700, 403),
(15701, 403),
(15703, 403),
(15704, 403),
(15705, 403),
(15707, 403),
(15710, 403),
(15711, 403),
(15712, 403),
(15721, 403),
(15723, 403),
(15724, 403),
(15725, 403),
(15730, 403),
(15731, 403),
(15732, 403),
(15734, 403),
(15738, 403),
(15740, 403),
(15741, 403),
(15745, 403),
(15747, 403),
(15749, 403),
(15753, 403),
(15759, 403),
(15760, 403),
(15761, 403),
(15763, 403),
(15765, 403),
(15772, 403),
(15779, 403),
(15780, 403),
(15781, 403),
(15782, 403),
(15783, 403),
(15786, 403),
(15787, 403),
(15789, 403),
(15790, 403),
(15792, 403),
(15793, 403),
(15796, 403),
(15798, 403),
(15802, 403),
(15806, 403),
(15809, 403),
(15811, 403),
(15819, 403),
(15820, 403),
(15821, 403),
(15825, 403),
(15828, 403),
(15831, 403),
(15833, 403),
(15834, 403),
(15836, 403),
(15840, 403),
(15841, 403),
(15842, 403),
(15843, 403),
(15845, 403),
(15847, 403),
(15850, 403),
(15851, 403),
(15852, 403),
(15854, 403),
(15855, 403),
(15858, 403),
(15860, 403),
(15862, 403),
(15866, 403),
(15867, 403),
(15869, 403),
(15870, 403),
(15871, 403),
(15876, 403),
(15879, 403),
(15880, 403),
(15883, 403),
(15884, 403),
(15885, 403),
(15887, 403),
(15891, 403),
(15893, 403),
(15894, 403),
(15895, 403),
(15897, 403),
(15899, 403),
(15902, 403),
(15903, 403),
(16028, 403),
(16034, 403),
(16035, 403),
(16037, 403),
(16040, 403),
(16042, 403),
(16043, 403),
(16047, 403),
(16048, 403),
(16049, 403),
(16052, 403),
(16054, 403),
(16056, 403),
(16057, 403),
(16058, 403),
(16061, 403),
(16064, 403),
(16068, 403),
(16069, 403),
(16071, 403),
(15458, 404),
(15461, 404),
(15462, 404),
(15466, 404),
(15468, 404),
(15479, 404),
(15484, 404),
(15491, 404),
(15494, 404),
(15501, 404),
(15506, 404),
(15512, 404),
(15514, 404),
(15522, 404),
(15531, 404),
(15532, 404),
(15535, 404),
(15544, 404),
(15553, 404),
(15555, 404),
(15556, 404),
(15579, 404),
(15586, 404),
(15599, 404),
(15604, 404),
(15608, 404),
(15621, 404),
(15634, 404),
(15639, 404),
(16081, 404),
(16083, 404),
(16089, 404),
(16100, 404),
(16105, 404),
(16106, 404),
(16112, 404),
(16128, 404),
(16148, 404),
(16158, 404),
(16162, 404),
(15904, 405),
(15905, 405),
(15906, 405),
(15907, 405),
(15908, 405),
(15909, 405),
(15910, 405),
(15911, 405),
(15912, 405),
(15913, 405),
(15914, 405),
(15916, 405),
(15917, 405),
(15918, 405),
(15919, 405),
(15920, 405),
(15921, 405),
(15922, 405),
(15923, 405),
(15924, 405),
(15925, 405),
(15926, 405),
(15927, 405),
(15928, 405),
(15929, 405),
(15930, 405),
(15931, 405),
(15932, 405),
(15933, 405),
(15934, 405),
(15935, 405),
(15936, 405),
(15937, 405),
(15938, 405),
(15940, 405),
(15941, 405),
(15943, 405),
(15944, 405),
(15945, 405),
(15946, 405),
(15947, 405),
(15948, 405),
(15949, 405),
(15950, 405),
(15951, 405),
(15952, 405),
(15953, 405),
(15954, 405),
(15955, 405),
(15956, 405),
(15957, 405),
(15958, 405),
(15959, 405),
(15960, 405),
(15962, 405),
(15963, 405),
(15904, 406),
(15905, 406),
(15906, 406),
(15907, 406),
(15908, 406),
(15909, 406),
(15910, 406),
(15911, 406),
(15912, 406),
(15913, 406),
(15914, 406),
(15916, 406),
(15917, 406),
(15918, 406),
(15919, 406),
(15920, 406),
(15921, 406),
(15922, 406),
(15923, 406),
(15924, 406),
(15925, 406),
(15926, 406),
(15927, 406),
(15928, 406),
(15929, 406),
(15930, 406),
(15931, 406),
(15932, 406),
(15933, 406),
(15934, 406),
(15935, 406),
(15936, 406),
(15937, 406),
(15938, 406),
(15940, 406),
(15941, 406),
(15943, 406),
(15944, 406),
(15945, 406),
(15946, 406),
(15947, 406),
(15948, 406),
(15949, 406),
(15950, 406),
(15951, 406),
(15952, 406),
(15953, 406),
(15954, 406),
(15955, 406),
(15956, 406),
(15957, 406),
(15958, 406),
(15959, 406),
(15960, 406),
(15962, 406),
(15963, 406),
(15647, 407),
(15648, 407),
(15651, 407),
(15654, 407),
(15656, 407),
(15661, 407),
(15670, 407),
(15673, 407),
(15677, 407),
(15683, 407),
(15690, 407),
(15692, 407),
(15697, 407),
(15703, 407),
(15705, 407),
(15706, 407),
(15709, 407),
(15711, 407),
(15712, 407),
(15714, 407),
(15716, 407),
(15717, 407),
(15722, 407),
(15724, 407),
(15737, 407),
(15739, 407),
(15741, 407),
(15743, 407),
(15745, 407),
(15756, 407),
(15758, 407),
(15759, 407),
(15762, 407),
(15765, 407),
(15767, 407),
(15769, 407),
(15773, 407),
(15781, 407),
(15784, 407),
(15788, 407),
(15789, 407),
(15792, 407),
(15798, 407),
(15800, 407),
(15804, 407),
(15805, 407),
(15808, 407),
(15809, 407),
(15811, 407),
(15813, 407),
(15814, 407),
(15820, 407),
(15826, 407),
(15828, 407),
(15831, 407),
(15837, 407),
(15839, 407),
(15840, 407),
(15841, 407),
(15845, 407),
(15849, 407),
(15854, 407),
(15858, 407),
(15859, 407),
(15875, 407),
(15876, 407),
(15878, 407),
(15880, 407),
(15884, 407),
(15888, 407),
(15893, 407),
(15897, 407),
(15902, 407),
(15903, 407),
(14454, 409),
(14455, 409),
(14456, 409),
(14457, 409),
(14458, 409),
(14459, 409),
(14461, 409),
(14463, 409),
(14464, 409),
(14465, 409),
(14466, 409),
(14467, 409),
(14468, 409),
(14471, 409),
(14472, 409),
(14473, 409),
(14474, 409),
(14475, 409),
(14478, 409),
(14480, 409),
(14481, 409),
(14482, 409),
(14483, 409),
(14487, 409),
(14489, 409),
(14490, 409),
(14491, 409),
(14492, 409),
(14493, 409),
(14497, 409),
(14498, 409),
(14499, 409),
(14500, 409),
(14501, 409),
(14502, 409),
(14503, 409),
(14505, 409),
(14506, 409),
(14513, 409),
(14514, 409),
(14515, 409),
(14517, 409),
(14519, 409),
(14550, 409),
(14554, 409),
(14557, 409),
(14558, 409),
(14559, 409),
(14560, 409),
(14563, 409),
(14566, 409),
(14568, 409),
(14572, 409),
(14573, 409),
(14574, 409),
(14580, 409),
(14581, 409),
(14582, 409),
(14589, 409),
(14590, 409),
(14591, 409),
(14592, 409),
(14593, 409),
(14594, 409),
(14596, 409),
(14597, 409),
(14599, 409),
(14600, 409),
(14602, 409),
(14604, 409),
(14605, 409),
(14607, 409),
(14608, 409),
(14610, 409),
(14612, 409),
(14613, 409),
(14614, 409),
(14615, 409),
(14622, 409),
(14624, 409),
(14625, 409),
(14626, 409),
(14627, 409),
(14628, 409),
(14629, 409),
(14630, 409),
(14631, 409),
(14634, 409),
(14635, 409),
(14636, 409),
(14639, 409),
(14641, 409),
(14643, 409),
(14645, 409),
(14647, 409),
(14648, 409),
(14649, 409),
(14650, 409),
(14653, 409),
(14659, 409),
(14662, 409),
(14666, 409),
(14673, 409),
(14675, 409),
(14679, 409),
(14681, 409),
(14684, 409),
(14685, 409),
(14687, 409),
(14690, 409),
(14694, 409),
(14696, 409),
(14698, 409),
(14699, 409),
(14700, 409),
(14701, 409),
(14702, 409),
(14705, 409),
(14707, 409),
(14708, 409),
(14709, 409),
(14712, 409),
(14714, 409),
(14715, 409),
(14718, 409),
(14721, 409),
(14723, 409),
(14726, 409),
(14729, 409),
(14731, 409),
(14739, 409),
(14742, 409),
(14745, 409),
(14746, 409),
(14748, 409),
(14749, 409),
(14753, 409),
(14754, 409),
(14759, 409),
(14760, 409),
(14766, 409),
(14767, 409),
(14769, 409),
(14775, 409),
(14776, 409),
(14777, 409),
(14778, 409),
(14779, 409),
(14782, 409),
(14785, 409),
(14786, 409),
(14788, 409),
(14791, 409),
(14792, 409),
(14796, 409),
(14800, 409),
(14801, 409),
(14802, 409),
(14805, 409),
(14808, 409),
(14809, 409),
(14811, 409),
(14816, 409),
(14820, 409),
(14824, 409),
(14825, 409),
(14827, 409),
(14828, 409),
(14829, 409),
(14837, 409),
(14841, 409),
(14843, 409),
(14848, 409),
(14851, 409),
(14857, 409),
(14863, 409),
(14865, 409),
(14866, 409),
(14868, 409),
(14875, 409),
(14879, 409),
(15002, 409),
(15646, 409),
(15647, 409),
(15648, 409),
(15649, 409),
(15650, 409),
(15651, 409),
(15652, 409),
(15653, 409),
(15654, 409),
(15655, 409),
(15656, 409),
(15657, 409),
(15659, 409),
(15660, 409),
(15661, 409),
(15662, 409),
(15663, 409),
(15664, 409),
(15665, 409),
(15666, 409),
(15668, 409),
(15669, 409),
(15670, 409),
(15671, 409),
(15672, 409),
(15673, 409),
(15675, 409),
(15676, 409),
(15677, 409),
(15678, 409),
(15679, 409),
(15680, 409),
(15681, 409),
(15682, 409),
(15683, 409),
(15684, 409),
(15685, 409),
(15687, 409),
(15688, 409),
(15689, 409),
(15690, 409),
(15691, 409),
(15692, 409),
(15693, 409),
(15694, 409),
(15696, 409),
(15697, 409),
(15699, 409),
(15700, 409),
(15701, 409),
(15702, 409),
(15703, 409),
(15704, 409),
(15705, 409),
(15706, 409),
(15707, 409),
(15708, 409),
(15709, 409),
(15710, 409),
(15711, 409),
(15712, 409),
(15713, 409),
(15714, 409),
(15715, 409),
(15716, 409),
(15717, 409),
(15720, 409),
(15721, 409),
(15722, 409),
(15723, 409),
(15724, 409),
(15725, 409),
(15729, 409),
(15730, 409),
(15731, 409),
(15732, 409),
(15733, 409),
(15734, 409),
(15735, 409),
(15737, 409),
(15738, 409),
(15739, 409),
(15740, 409),
(15741, 409),
(15742, 409),
(15743, 409),
(15744, 409),
(15745, 409),
(15746, 409),
(15747, 409),
(15749, 409),
(15750, 409),
(15751, 409),
(15752, 409),
(15753, 409),
(15756, 409),
(15757, 409),
(15758, 409),
(15759, 409),
(15760, 409),
(15761, 409),
(15762, 409),
(15763, 409),
(15764, 409),
(15765, 409),
(15766, 409),
(15767, 409),
(15768, 409),
(15769, 409),
(15770, 409),
(15771, 409),
(15772, 409),
(15773, 409),
(15774, 409),
(15775, 409),
(15776, 409),
(15777, 409),
(15778, 409),
(15779, 409),
(15780, 409),
(15781, 409),
(15782, 409),
(15783, 409),
(15784, 409),
(15785, 409),
(15786, 409),
(15787, 409),
(15788, 409),
(15789, 409),
(15790, 409),
(15791, 409),
(15792, 409),
(15793, 409),
(15794, 409),
(15795, 409),
(15796, 409),
(15797, 409),
(15798, 409),
(15799, 409),
(15800, 409),
(15801, 409),
(15802, 409),
(15803, 409),
(15804, 409),
(15805, 409),
(15806, 409),
(15807, 409),
(15808, 409),
(15809, 409),
(15810, 409),
(15811, 409),
(15812, 409),
(15813, 409),
(15814, 409),
(15815, 409),
(15816, 409),
(15817, 409),
(15818, 409),
(15819, 409),
(15820, 409),
(15821, 409),
(15822, 409),
(15825, 409),
(15826, 409),
(15827, 409),
(15828, 409),
(15829, 409),
(15830, 409),
(15831, 409),
(15832, 409),
(15833, 409),
(15834, 409),
(15836, 409),
(15837, 409),
(15839, 409),
(15840, 409),
(15841, 409),
(15842, 409),
(15843, 409),
(15844, 409),
(15845, 409),
(15846, 409),
(15847, 409),
(15848, 409),
(15849, 409),
(15850, 409),
(15851, 409),
(15852, 409),
(15853, 409),
(15854, 409),
(15855, 409),
(15856, 409),
(15857, 409),
(15858, 409),
(15859, 409),
(15860, 409),
(15862, 409),
(15863, 409),
(15864, 409),
(15865, 409),
(15866, 409),
(15867, 409),
(15868, 409),
(15869, 409),
(15870, 409),
(15871, 409),
(15872, 409),
(15873, 409),
(15874, 409),
(15875, 409),
(15876, 409),
(15877, 409),
(15878, 409),
(15879, 409),
(15880, 409),
(15883, 409),
(15884, 409),
(15885, 409),
(15886, 409),
(15887, 409),
(15888, 409),
(15889, 409),
(15890, 409),
(15891, 409),
(15892, 409),
(15893, 409),
(15894, 409),
(15895, 409),
(15897, 409),
(15898, 409),
(15899, 409),
(15900, 409),
(15901, 409),
(15902, 409),
(15903, 409),
(16028, 409),
(16029, 409),
(16032, 409),
(16034, 409),
(16035, 409),
(16037, 409),
(16038, 409),
(16039, 409),
(16040, 409),
(16041, 409),
(16042, 409),
(16043, 409),
(16046, 409),
(16047, 409),
(16048, 409),
(16049, 409),
(16051, 409),
(16052, 409),
(16054, 409),
(16055, 409),
(16056, 409),
(16057, 409),
(16058, 409),
(16060, 409),
(16061, 409),
(16062, 409),
(16063, 409),
(16064, 409),
(16067, 409),
(16068, 409),
(16069, 409),
(16070, 409),
(16071, 409),
(15646, 410),
(15648, 410),
(15655, 410),
(15656, 410),
(15659, 410),
(15663, 410),
(15665, 410),
(15666, 410),
(15672, 410),
(15677, 410),
(15679, 410),
(15681, 410),
(15682, 410),
(15687, 410),
(15691, 410),
(15692, 410),
(15693, 410),
(15694, 410),
(15696, 410),
(15697, 410),
(15702, 410),
(15706, 410),
(15708, 410),
(15709, 410),
(15713, 410),
(15714, 410),
(15715, 410),
(15716, 410),
(15717, 410),
(15720, 410),
(15722, 410),
(15729, 410),
(15733, 410),
(15735, 410),
(15737, 410),
(15739, 410),
(15742, 410),
(15743, 410),
(15744, 410),
(15746, 410),
(15750, 410),
(15751, 410),
(15752, 410),
(15756, 410),
(15757, 410),
(15758, 410),
(15762, 410),
(15764, 410),
(15766, 410),
(15767, 410),
(15768, 410),
(15769, 410),
(15770, 410),
(15771, 410),
(15773, 410),
(15774, 410),
(15775, 410),
(15776, 410),
(15777, 410),
(15778, 410),
(15784, 410),
(15785, 410),
(15788, 410),
(15791, 410),
(15794, 410),
(15795, 410),
(15797, 410),
(15799, 410),
(15800, 410),
(15801, 410),
(15803, 410),
(15804, 410),
(15805, 410),
(15807, 410),
(15808, 410),
(15810, 410),
(15812, 410),
(15813, 410),
(15814, 410),
(15815, 410),
(15816, 410),
(15817, 410),
(15818, 410),
(15822, 410),
(15826, 410),
(15827, 410),
(15829, 410),
(15830, 410),
(15832, 410),
(15837, 410),
(15839, 410),
(15844, 410),
(15846, 410),
(15848, 410),
(15849, 410),
(15853, 410),
(15856, 410),
(15857, 410),
(15859, 410),
(15863, 410),
(15864, 410),
(15865, 410),
(15868, 410),
(15872, 410),
(15873, 410),
(15874, 410),
(15875, 410),
(15877, 410),
(15878, 410),
(15886, 410),
(15888, 410),
(15889, 410),
(15890, 410),
(15892, 410),
(15898, 410),
(15900, 410),
(15901, 410),
(16029, 410),
(16032, 410),
(16038, 410),
(16039, 410),
(16041, 410),
(16046, 410),
(16051, 410),
(16055, 410),
(16060, 410),
(16062, 410),
(16063, 410),
(16067, 410),
(16070, 410),
(13947, 413),
(13949, 413),
(13950, 413),
(13951, 413),
(13952, 413),
(13954, 413),
(13955, 413),
(13956, 413),
(13957, 413),
(13958, 413),
(13959, 413),
(13962, 413),
(13963, 413),
(13964, 413),
(13965, 413),
(13966, 413),
(13969, 413),
(13974, 413),
(13975, 413),
(13976, 413),
(13977, 413),
(13980, 413),
(13981, 413),
(13982, 413),
(13983, 413),
(13985, 413),
(13987, 413),
(13995, 413),
(13996, 413),
(13999, 413),
(14001, 413),
(14002, 413),
(14003, 413),
(14005, 413),
(14012, 413),
(14020, 413),
(14021, 413),
(14022, 413),
(14024, 413),
(14025, 413),
(14026, 413),
(14030, 413),
(14031, 413),
(14033, 413),
(14035, 413),
(14036, 413),
(14039, 413),
(14040, 413),
(14041, 413),
(14048, 413),
(14052, 413),
(14057, 413),
(14058, 413),
(14059, 413),
(14073, 413),
(14083, 413),
(14085, 413),
(14089, 413),
(14092, 413),
(14098, 413),
(14100, 413),
(14110, 413),
(14111, 413),
(14114, 413),
(14128, 413),
(14133, 413),
(14137, 413),
(14142, 413),
(14145, 413),
(14146, 413),
(14148, 413),
(14152, 413),
(14181, 413),
(14188, 413),
(14212, 413),
(14218, 413),
(14221, 413),
(14237, 413),
(14262, 413),
(14280, 413),
(14302, 413),
(14340, 413),
(15646, 414),
(15655, 414),
(15659, 414),
(15663, 414),
(15665, 414),
(15672, 414),
(15682, 414),
(15691, 414),
(15702, 414),
(15708, 414),
(15713, 414),
(15715, 414),
(15720, 414),
(15735, 414),
(15742, 414),
(15746, 414),
(15750, 414),
(15751, 414),
(15752, 414),
(15764, 414),
(15770, 414),
(15774, 414),
(15775, 414),
(15791, 414),
(15794, 414),
(15795, 414),
(15797, 414),
(15799, 414),
(15801, 414),
(15803, 414),
(15810, 414),
(15812, 414),
(15815, 414),
(15817, 414),
(15822, 414),
(15829, 414),
(15830, 414),
(15832, 414),
(15846, 414),
(15853, 414),
(15856, 414),
(15857, 414),
(15863, 414),
(15864, 414),
(15865, 414),
(15868, 414),
(15873, 414),
(15877, 414),
(15890, 414),
(15892, 414),
(15898, 414),
(15900, 414),
(15901, 414),
(16029, 414),
(16032, 414),
(16038, 414),
(16039, 414),
(16046, 414),
(16051, 414),
(16055, 414),
(16060, 414),
(16062, 414),
(16070, 414),
(15649, 416),
(15650, 416),
(15652, 416),
(15653, 416),
(15660, 416),
(15664, 416),
(15671, 416),
(15675, 416),
(15676, 416),
(15678, 416),
(15680, 416),
(15685, 416),
(15689, 416),
(15699, 416),
(15700, 416),
(15704, 416),
(15731, 416),
(15734, 416),
(15740, 416),
(15747, 416),
(15749, 416),
(15761, 416),
(15763, 416),
(15772, 416),
(15782, 416),
(15786, 416),
(15787, 416),
(15790, 416),
(15793, 416),
(15796, 416),
(15802, 416),
(15806, 416),
(15819, 416),
(15833, 416),
(15834, 416),
(15836, 416),
(15842, 416),
(15843, 416),
(15847, 416),
(15851, 416),
(15852, 416),
(15860, 416),
(15862, 416),
(15867, 416),
(15871, 416),
(15887, 416),
(15894, 416),
(15895, 416),
(15899, 416),
(16028, 416),
(16035, 416),
(16037, 416),
(16040, 416),
(16043, 416),
(16047, 416),
(16054, 416),
(16057, 416),
(16058, 416),
(16061, 416),
(16064, 416),
(16068, 416),
(16069, 416),
(16071, 416),
(14884, 417),
(14885, 417),
(14886, 417),
(14888, 417),
(14889, 417),
(14890, 417),
(14891, 417),
(14892, 417),
(14893, 417),
(14894, 417),
(14895, 417),
(14896, 417),
(14897, 417),
(14898, 417),
(14899, 417),
(14902, 417),
(14903, 417),
(14904, 417),
(14905, 417),
(14906, 417),
(14907, 417),
(14909, 417),
(14910, 417),
(14911, 417),
(14912, 417),
(14913, 417),
(14915, 417),
(14916, 417),
(14917, 417),
(14918, 417),
(14919, 417),
(14924, 417),
(14925, 417),
(14928, 417),
(14929, 417),
(14930, 417),
(14931, 417),
(14933, 417),
(14935, 417),
(14936, 417),
(14937, 417),
(14939, 417),
(14940, 417),
(14941, 417),
(14942, 417),
(15649, 418),
(15652, 418),
(15653, 418),
(15660, 418),
(15671, 418),
(15675, 418),
(15680, 418),
(15689, 418),
(15699, 418),
(15700, 418),
(15731, 418),
(15749, 418),
(15763, 418),
(15787, 418),
(15790, 418),
(15796, 418),
(15806, 418),
(15833, 418),
(15843, 418),
(15847, 418),
(15851, 418),
(15862, 418),
(15867, 418),
(15871, 418),
(15887, 418),
(15894, 418),
(15899, 418),
(16028, 418),
(16035, 418),
(16040, 418),
(16054, 418),
(16061, 418),
(16068, 418),
(16071, 418),
(15457, 419),
(15464, 419),
(15477, 419),
(15478, 419),
(15482, 419),
(15485, 419),
(15492, 419),
(15498, 419),
(15500, 419),
(15517, 419),
(15518, 419),
(15520, 419),
(15521, 419),
(15549, 419),
(15552, 419),
(15578, 419),
(15582, 419),
(15584, 419),
(15590, 419),
(15592, 419),
(15624, 419),
(15637, 419),
(15638, 419),
(15642, 419),
(16084, 419),
(16095, 419),
(16097, 419),
(16098, 419),
(16101, 419),
(16107, 419),
(16108, 419),
(16110, 419),
(16121, 419),
(16122, 419),
(16125, 419),
(16133, 419),
(16142, 419),
(16144, 419),
(16151, 419),
(16154, 419),
(14945, 420),
(14946, 420),
(14947, 420),
(14949, 420),
(14951, 420),
(14953, 420),
(14954, 420),
(14955, 420),
(14956, 420),
(14958, 420),
(14959, 420),
(14960, 420),
(14961, 420),
(14962, 420),
(14963, 420),
(14964, 420),
(14965, 420),
(14966, 420),
(14967, 420),
(14968, 420),
(14969, 420),
(14970, 420),
(14971, 420),
(14972, 420),
(14973, 420),
(14974, 420),
(14975, 420),
(14976, 420),
(14979, 420),
(14980, 420),
(14981, 420),
(14982, 420),
(14983, 420),
(14984, 420),
(14985, 420),
(14986, 420),
(14987, 420),
(14988, 420),
(14989, 420),
(14990, 420),
(14991, 420),
(14992, 420),
(14993, 420),
(14994, 420),
(14995, 420),
(14996, 420),
(14998, 420),
(14999, 420),
(15000, 420),
(15001, 420),
(15646, 421),
(15647, 421),
(15648, 421),
(15649, 421),
(15651, 421),
(15652, 421),
(15653, 421),
(15654, 421),
(15656, 421),
(15660, 421),
(15661, 421),
(15663, 421),
(15665, 421),
(15670, 421),
(15671, 421),
(15672, 421),
(15673, 421),
(15675, 421),
(15677, 421),
(15680, 421),
(15682, 421),
(15683, 421),
(15689, 421),
(15690, 421),
(15692, 421),
(15697, 421),
(15699, 421),
(15700, 421),
(15703, 421),
(15705, 421),
(15706, 421),
(15708, 421),
(15709, 421),
(15711, 421),
(15712, 421),
(15713, 421),
(15714, 421),
(15715, 421),
(15716, 421),
(15717, 421),
(15722, 421),
(15724, 421),
(15731, 421),
(15737, 421),
(15739, 421),
(15741, 421),
(15742, 421),
(15743, 421),
(15745, 421),
(15746, 421),
(15749, 421),
(15750, 421),
(15752, 421),
(15756, 421),
(15758, 421),
(15759, 421),
(15762, 421),
(15763, 421),
(15765, 421),
(15767, 421),
(15769, 421),
(15770, 421),
(15773, 421),
(15774, 421),
(15775, 421),
(15781, 421),
(15784, 421),
(15787, 421),
(15788, 421),
(15789, 421),
(15790, 421),
(15792, 421),
(15795, 421),
(15796, 421),
(15798, 421),
(15800, 421),
(15803, 421),
(15804, 421),
(15805, 421),
(15806, 421),
(15808, 421),
(15809, 421),
(15810, 421),
(15811, 421),
(15812, 421),
(15813, 421),
(15814, 421),
(15820, 421),
(15822, 421),
(15826, 421),
(15828, 421),
(15829, 421),
(15830, 421),
(15831, 421),
(15832, 421),
(15833, 421),
(15837, 421),
(15839, 421),
(15840, 421),
(15841, 421),
(15843, 421),
(15845, 421),
(15847, 421),
(15849, 421),
(15851, 421),
(15853, 421),
(15854, 421),
(15857, 421),
(15858, 421),
(15859, 421),
(15862, 421),
(15863, 421),
(15864, 421),
(15867, 421),
(15871, 421),
(15875, 421),
(15876, 421),
(15877, 421),
(15878, 421),
(15880, 421),
(15884, 421),
(15887, 421),
(15888, 421),
(15890, 421),
(15892, 421),
(15893, 421),
(15894, 421),
(15897, 421),
(15898, 421),
(15899, 421),
(15902, 421),
(15903, 421),
(16028, 421),
(16029, 421),
(16035, 421),
(16040, 421),
(16054, 421),
(16061, 421),
(16068, 421),
(16071, 421),
(15457, 423),
(15459, 423),
(15463, 423),
(15464, 423),
(15465, 423),
(15469, 423),
(15471, 423),
(15472, 423),
(15473, 423),
(15474, 423),
(15475, 423),
(15477, 423),
(15478, 423),
(15481, 423),
(15482, 423),
(15483, 423);
INSERT INTO `student_teacher` (`student_ID`, `teacher_ID`) VALUES
(15485, 423),
(15486, 423),
(15487, 423),
(15488, 423),
(15489, 423),
(15490, 423),
(15492, 423),
(15493, 423),
(15498, 423),
(15499, 423),
(15500, 423),
(15502, 423),
(15504, 423),
(15507, 423),
(15510, 423),
(15511, 423),
(15513, 423),
(15515, 423),
(15516, 423),
(15517, 423),
(15518, 423),
(15519, 423),
(15520, 423),
(15521, 423),
(15524, 423),
(15526, 423),
(15527, 423),
(15528, 423),
(15529, 423),
(15530, 423),
(15533, 423),
(15534, 423),
(15536, 423),
(15537, 423),
(15538, 423),
(15539, 423),
(15540, 423),
(15541, 423),
(15542, 423),
(15545, 423),
(15546, 423),
(15547, 423),
(15549, 423),
(15550, 423),
(15551, 423),
(15552, 423),
(15557, 423),
(15558, 423),
(15560, 423),
(15561, 423),
(15562, 423),
(15563, 423),
(15564, 423),
(15566, 423),
(15568, 423),
(15569, 423),
(15570, 423),
(15571, 423),
(15572, 423),
(15575, 423),
(15576, 423),
(15577, 423),
(15578, 423),
(15580, 423),
(15581, 423),
(15582, 423),
(15583, 423),
(15584, 423),
(15587, 423),
(15589, 423),
(15590, 423),
(15591, 423),
(15592, 423),
(15593, 423),
(15594, 423),
(15595, 423),
(15596, 423),
(15597, 423),
(15600, 423),
(15601, 423),
(15602, 423),
(15603, 423),
(15605, 423),
(15606, 423),
(15607, 423),
(15612, 423),
(15614, 423),
(15615, 423),
(15616, 423),
(15617, 423),
(15618, 423),
(15620, 423),
(15624, 423),
(15625, 423),
(15626, 423),
(15627, 423),
(15628, 423),
(15629, 423),
(15630, 423),
(15631, 423),
(15632, 423),
(15633, 423),
(15635, 423),
(15637, 423),
(15638, 423),
(15641, 423),
(15642, 423),
(15643, 423),
(15644, 423),
(15645, 423),
(15904, 423),
(15905, 423),
(15906, 423),
(15907, 423),
(15908, 423),
(15909, 423),
(15910, 423),
(15911, 423),
(15912, 423),
(15913, 423),
(15914, 423),
(15916, 423),
(15917, 423),
(15918, 423),
(15919, 423),
(15920, 423),
(15921, 423),
(15922, 423),
(15923, 423),
(15924, 423),
(15925, 423),
(15926, 423),
(15927, 423),
(15928, 423),
(15929, 423),
(15930, 423),
(15931, 423),
(15932, 423),
(15933, 423),
(15934, 423),
(15935, 423),
(15936, 423),
(15937, 423),
(15938, 423),
(15940, 423),
(15941, 423),
(15943, 423),
(15944, 423),
(15945, 423),
(15946, 423),
(15947, 423),
(15948, 423),
(15949, 423),
(15950, 423),
(15951, 423),
(15952, 423),
(15953, 423),
(15954, 423),
(15955, 423),
(15956, 423),
(15957, 423),
(15958, 423),
(15959, 423),
(15960, 423),
(15962, 423),
(15963, 423),
(16084, 423),
(16093, 423),
(16095, 423),
(16097, 423),
(16098, 423),
(16099, 423),
(16101, 423),
(16102, 423),
(16103, 423),
(16107, 423),
(16108, 423),
(16110, 423),
(16113, 423),
(16114, 423),
(16115, 423),
(16118, 423),
(16120, 423),
(16121, 423),
(16122, 423),
(16123, 423),
(16124, 423),
(16125, 423),
(16126, 423),
(16130, 423),
(16131, 423),
(16133, 423),
(16139, 423),
(16141, 423),
(16142, 423),
(16144, 423),
(16146, 423),
(16151, 423),
(16152, 423),
(16154, 423),
(15457, 429),
(15458, 429),
(15460, 429),
(15461, 429),
(15462, 429),
(15464, 429),
(15466, 429),
(15467, 429),
(15468, 429),
(15470, 429),
(15477, 429),
(15478, 429),
(15479, 429),
(15480, 429),
(15482, 429),
(15484, 429),
(15485, 429),
(15491, 429),
(15492, 429),
(15494, 429),
(15495, 429),
(15496, 429),
(15498, 429),
(15500, 429),
(15501, 429),
(15506, 429),
(15509, 429),
(15512, 429),
(15514, 429),
(15517, 429),
(15518, 429),
(15520, 429),
(15521, 429),
(15522, 429),
(15523, 429),
(15525, 429),
(15531, 429),
(15532, 429),
(15535, 429),
(15543, 429),
(15544, 429),
(15548, 429),
(15549, 429),
(15552, 429),
(15553, 429),
(15555, 429),
(15556, 429),
(15565, 429),
(15567, 429),
(15573, 429),
(15574, 429),
(15578, 429),
(15579, 429),
(15582, 429),
(15584, 429),
(15586, 429),
(15588, 429),
(15590, 429),
(15592, 429),
(15599, 429),
(15604, 429),
(15608, 429),
(15609, 429),
(15610, 429),
(15611, 429),
(15613, 429),
(15621, 429),
(15623, 429),
(15624, 429),
(15634, 429),
(15636, 429),
(15637, 429),
(15638, 429),
(15639, 429),
(15640, 429),
(15642, 429),
(16081, 429),
(16082, 429),
(16083, 429),
(16084, 429),
(16085, 429),
(16086, 429),
(16087, 429),
(16089, 429),
(16090, 429),
(16091, 429),
(16094, 429),
(16095, 429),
(16096, 429),
(16097, 429),
(16098, 429),
(16100, 429),
(16101, 429),
(16104, 429),
(16105, 429),
(16106, 429),
(16107, 429),
(16108, 429),
(16109, 429),
(16110, 429),
(16111, 429),
(16112, 429),
(16116, 429),
(16121, 429),
(16122, 429),
(16125, 429),
(16128, 429),
(16133, 429),
(16135, 429),
(16136, 429),
(16137, 429),
(16140, 429),
(16142, 429),
(16143, 429),
(16144, 429),
(16145, 429),
(16148, 429),
(16151, 429),
(16154, 429),
(16158, 429),
(16160, 429),
(16162, 429);

-- --------------------------------------------------------

--
-- 表的结构 `subject_info`
--

CREATE TABLE `subject_info` (
  `subject_ID` int(11) NOT NULL COMMENT '科目ID',
  `subject_name` varchar(10) NOT NULL COMMENT '科目名称'
) ENGINE=InnoDB DEFAULT CHARSET=utf8 COMMENT='科目表';

--
-- 转存表中的数据 `subject_info`
--

INSERT INTO `subject_info` (`subject_ID`, `subject_name`) VALUES
(1, '语文'),
(2, '数学'),
(3, '英语'),
(4, '物理'),
(5, '化学'),
(6, '生物'),
(7, '历史'),
(8, '地理'),
(9, '体育'),
(10, '音乐'),
(11, '美术'),
(12, '政治'),
(13, '技术');

-- --------------------------------------------------------

--
-- 表的结构 `teacher_info`
--

CREATE TABLE `teacher_info` (
  `teacher_ID` int(11) NOT NULL COMMENT '教师ID',
  `teacher_name` char(3) NOT NULL COMMENT '教师姓名',
  `subject_ID` int(11) NOT NULL COMMENT '科目ID'
) ENGINE=InnoDB DEFAULT CHARSET=utf8 COMMENT='教师表';

--
-- 转存表中的数据 `teacher_info`
--

INSERT INTO `teacher_info` (`teacher_ID`, `teacher_name`, `subject_ID`) VALUES
(12, '周老师', 3),
(14, '庄老师', 13),
(26, '程老师', 3),
(45, '虞老师', 1),
(46, '蒋老师', 1),
(49, '傅老师', 1),
(50, '谢老师', 1),
(51, '顾老师', 1),
(52, '陈老师', 1),
(53, '唐老师', 1),
(54, '洪老师', 1),
(56, '张老师', 1),
(57, '张老师', 1),
(58, '蒋老师', 1),
(62, '岑老师', 1),
(64, '黄老师', 1),
(65, '陈老师', 1),
(71, '贾老师', 2),
(72, '黄老师', 2),
(73, '戴老师', 2),
(74, '牟老师', 2),
(75, '杨老师', 2),
(76, '朱老师', 2),
(78, '潘老师', 2),
(79, '杜老师', 2),
(80, '张老师', 2),
(83, '胡老师', 2),
(84, '童老师', 2),
(85, '吕老师', 2),
(95, '郑老师', 2),
(98, '王老师', 3),
(100, '袁老师', 3),
(101, '周老师', 3),
(102, '曹老师', 3),
(103, '陈老师', 3),
(105, '沈老师', 3),
(106, '朱老师', 3),
(107, '吴老师', 3),
(108, '王老师', 3),
(109, '何老师', 3),
(111, '赵老师', 3),
(112, '王老师', 3),
(113, '戴老师', 3),
(119, '王老师', 3),
(124, '陈老师', 3),
(128, '高老师', 3),
(129, '陈老师', 3),
(134, '张老师', 3),
(141, '邬老师', 4),
(146, '袁老师', 4),
(148, '何老师', 4),
(150, '陈老师', 4),
(157, '王老师', 13),
(158, '俞老师', 13),
(161, '王老师', 5),
(162, '阮老师', 5),
(163, '汪老师', 5),
(166, '黄老师', 5),
(170, '俞老师', 5),
(172, '郭老师', 5),
(174, '范老师', 6),
(180, '徐老师', 12),
(182, '庄老师', 12),
(183, '王老师', 7),
(184, '陈老师', 7),
(187, '潘老师', 7),
(188, '谢老师', 7),
(192, '王老师', 12),
(193, '王老师', 8),
(197, '吴老师', 8),
(213, '程老师', 11),
(215, '沈老师', 10),
(223, '陈老师', 12),
(224, '徐老师', 1),
(225, '郑老师', 3),
(226, '周老师', 2),
(233, '王老师', 6),
(234, '杨老师', 6),
(240, '孙老师', 1),
(243, '闵老师', 2),
(246, '邬老师', 2),
(249, '杨老师', 4),
(256, '冯老师', 12),
(257, '庄老师', 4),
(262, '效老师', 9),
(266, '叶老师', 1),
(267, '杜老师', 1),
(268, '朱老师', 1),
(269, '马老师', 1),
(271, '范老师', 2),
(272, '郑老师', 3),
(273, '李老师', 3),
(274, '王老师', 3),
(275, '王老师', 5),
(276, '任老师', 6),
(312, '过老师', 10),
(314, '陈老师', 6),
(316, '鲁老师', 2),
(333, '徐老师', 3),
(334, '刘老师', 1),
(338, '李老师', 8),
(370, '周老师', 6),
(376, '蔡老师', 8),
(380, '鲍老师', 4),
(382, '陈老师', 6),
(383, '张老师', 1),
(384, '周老师', 1),
(389, '贾老师', 5),
(393, '沈老师', 2),
(394, '周老师', 2),
(399, '王老师', 3),
(402, '张老师', 2),
(403, '乐老师', 8),
(404, '牟老师', 3),
(405, '周老师', 2),
(406, '熊老师', 3),
(407, '徐老师', 5),
(409, '宋老师', 11),
(410, '黎老师', 7),
(413, '朱老师', 2),
(414, '陈老师', 4),
(416, '余老师', 4),
(417, '夏老师', 3),
(418, '李老师', 3),
(419, '李老师', 1),
(420, '胡老师', 2),
(421, '李老师', 12),
(423, '王老师', 12),
(429, '章老师', 5);

--
-- 转储表的索引
--

--
-- 表的索引 `class_info`
--
ALTER TABLE `class_info`
  ADD PRIMARY KEY (`class_ID`);

--
-- 表的索引 `family_type_info`
--
ALTER TABLE `family_type_info`
  ADD PRIMARY KEY (`type_ID`);

--
-- 表的索引 `nation_info`
--
ALTER TABLE `nation_info`
  ADD PRIMARY KEY (`nation_ID`);

--
-- 表的索引 `political_outlook_info`
--
ALTER TABLE `political_outlook_info`
  ADD PRIMARY KEY (`outlook_ID`);

--
-- 表的索引 `student_info`
--
ALTER TABLE `student_info`
  ADD PRIMARY KEY (`student_ID`),
  ADD KEY `class_ID` (`class_ID`),
  ADD KEY `nation_ID` (`nation_ID`),
  ADD KEY `outlook_ID` (`outlook_ID`),
  ADD KEY `type_ID` (`type_ID`);

--
-- 表的索引 `student_teacher`
--
ALTER TABLE `student_teacher`
  ADD PRIMARY KEY (`student_ID`,`teacher_ID`),
  ADD KEY `teacher_ID` (`teacher_ID`);

--
-- 表的索引 `subject_info`
--
ALTER TABLE `subject_info`
  ADD PRIMARY KEY (`subject_ID`);

--
-- 表的索引 `teacher_info`
--
ALTER TABLE `teacher_info`
  ADD PRIMARY KEY (`teacher_ID`),
  ADD KEY `subject_ID` (`subject_ID`);

--
-- 限制导出的表
--

--
-- 限制表 `student_info`
--
ALTER TABLE `student_info`
  ADD CONSTRAINT `student_info_ibfk_1` FOREIGN KEY (`class_ID`) REFERENCES `class_info` (`class_ID`) ON DELETE RESTRICT ON UPDATE RESTRICT,
  ADD CONSTRAINT `student_info_ibfk_2` FOREIGN KEY (`nation_ID`) REFERENCES `nation_info` (`nation_ID`) ON DELETE RESTRICT ON UPDATE RESTRICT,
  ADD CONSTRAINT `student_info_ibfk_3` FOREIGN KEY (`outlook_ID`) REFERENCES `political_outlook_info` (`outlook_ID`) ON DELETE RESTRICT ON UPDATE RESTRICT,
  ADD CONSTRAINT `student_info_ibfk_4` FOREIGN KEY (`type_ID`) REFERENCES `family_type_info` (`type_ID`) ON DELETE RESTRICT ON UPDATE RESTRICT;

--
-- 限制表 `student_teacher`
--
ALTER TABLE `student_teacher`
  ADD CONSTRAINT `student_teacher_ibfk_1` FOREIGN KEY (`student_ID`) REFERENCES `student_info` (`student_ID`) ON DELETE RESTRICT ON UPDATE RESTRICT,
  ADD CONSTRAINT `student_teacher_ibfk_2` FOREIGN KEY (`teacher_ID`) REFERENCES `teacher_info` (`teacher_ID`) ON DELETE RESTRICT ON UPDATE RESTRICT;

--
-- 限制表 `teacher_info`
--
ALTER TABLE `teacher_info`
  ADD CONSTRAINT `teacher_info_ibfk_1` FOREIGN KEY (`subject_ID`) REFERENCES `subject_info` (`subject_ID`) ON DELETE RESTRICT ON UPDATE RESTRICT;
COMMIT;

/*!40101 SET CHARACTER_SET_CLIENT=@OLD_CHARACTER_SET_CLIENT */;
/*!40101 SET CHARACTER_SET_RESULTS=@OLD_CHARACTER_SET_RESULTS */;
/*!40101 SET COLLATION_CONNECTION=@OLD_COLLATION_CONNECTION */;
